start,end,today,Consentimiento Informado,FECHA DE DILIGENCIAMIENTO,Departamento,informacion,CENTRO_EDUCATIVO,texto,hashtag,genera,frecuencia,relaciona_historia,La apropiación y uso de herramientas tecnológicas para atender tu trabajo.,La forma como están organizadas las rutinas diarias.,"La vinculación y el relacionamiento de socios, empresas o entidades territoriales.",Los momentos de evaluación y realimentación de los equipos.,El desempeño de los colaboradores y los equipos de trabajo.,La disposición intencionada de espacios y los materiales que se usan para enriquecerlos.,La calidad de las interacciones entre los colaboradores.,La documentación de procesos referentes al cumplimiento del cargo.,El trabajo colaborativo entre el equipo y/o entre áreas.,acto_principal,Otro,sentiste,competencias3,Trabajo Colaborativo.3,Comunicación.3,Pensamiento Crítico.3,Resolución de problemas.3,Manejo de herramientas tecnológicas.3,Manejo de la Información.3,Creatividad e Innovación.3,Vida y Carrera.3,Sostenibilidad.3,Habilidades artísticas.3, Habilidades comunicativas.3,Habilidades socioemocionales.3,Habilidades tecnológicas.3,Habilidades socio-ambientales.3,Ninguna de las anteriores.3,competencias,Trabajo Colaborativo.,Comunicación.,Pensamiento Crítico.,Resolución de problemas.,Manejo de herramientas tecnológicas.,Manejo de la Información.,Creatividad e Innovación.,Vida y Carrera.,Sostenibilidad.,rol,CONSENTIMIENTO,_id,_uuid,_submission_time,_validation_status,_index
2020-06-18T19:14:55.169-05:00,2020-06-18T19:24:11.149-05:00,2020-06-17,Sí,2020-06-18,Impacto,,,"Es un momento de contar historias, de conocer a tu compañero lejano y de admirar nuevos talentos, pero también de fijarse metas claras y objetivos a corto plazo, porque tal vez el mañana sea diferente y tendrás que volver a repensarte, activemos el amor, el respeto por la diferencia y seamos solidarios.",#Repensandoelmañana,Motivación,Todo el tiempo,Los momentos de evaluación y realimentación de los equipos. La calidad de las interacciones entre los colaboradores. El trabajo colaborativo entre el equipo y/o entre áreas.,0,0,0,1,0,0,1,0,1,Otro,yo,Fui muy honesto y conté lo que me pasó, Habilidades comunicativas. Habilidades socioemocionales.,0,0,0,0,0,0,0,0,0,0,1,1,0,0,0,Comunicación. Pensamiento Crítico. Vida y Carrera.,0,1,1,0,0,0,0,1,0,Solucionar la situación poniendo en práctica mis conocimientos profesionales y personales,,105360924,39baaedc-b2a6-4b28-8ead-e62271ae65a8,2020-06-19T00:24:12,,1
2020-06-18T18:33:14.357-05:00,2020-06-18T18:48:24.135-05:00,2020-06-17,Sí,2020-06-18,Impacto,,,"Creo que es un reto trabajar con profes desde Laboratorio Vivo, todos los días aprendes algo nuevo, sobre todo a entender cuáles son las reales necesidades de nuestras escuelas, estudiantes, familias y docentes.  Hace algunos días en una reu con directivos una rectora nos decía a ustedes les hace falta un poco de lectura de contexto sobre todo para entender los retos a los que se están enfrentando los maestros por la contingencia; tal vez pero de algo estoy seguro y es que estamos haciendo nuestro mayor esfuerzo para acompañarlos.",#LecturaYContexto,Sentido de pertenencia,Única vez,Los momentos de evaluación y realimentación de los equipos.,0,0,0,1,0,0,0,0,0,Directivos,,Fui muy honesto y conté lo que me pasó, Habilidades comunicativas. Habilidades socioemocionales.,0,0,0,0,0,0,0,0,0,0,1,1,0,0,0,Trabajo Colaborativo. Comunicación.,1,1,0,0,0,0,0,0,0,Actuar de la mejor manera para conservar mi empleo,,105359408,e7859fb3-2c0a-4470-be4e-2c9e2d7d36a3,2020-06-18T23:48:27,,3
2020-06-16T19:55:39.213-05:00,2020-06-16T20:02:17.934-05:00,2020-06-15,Sí,2020-06-16,Impacto,,,"La contingencia ha sido una oportunidad para crear, implementar, experimentar y ver resultados tangibles muy rápidos. Creo que como equipo nos ha ayudado a que podamos trabajar juntos en los buenos propósitos que nos convoca y que aun en medio de las dificultades propias de la contingencia encontremos formas para trabajar juntos.",#aprendiendoenlacontingencia,Motivación,Todo el tiempo,El desempeño de los colaboradores y los equipos de trabajo. La calidad de las interacciones entre los colaboradores. El trabajo colaborativo entre el equipo y/o entre áreas.,0,0,0,0,1,0,1,0,1,Compañeros de trabajo,,Me confundí y no sabía qué contar,Habilidades socioemocionales.,0,0,0,0,0,0,0,0,0,0,0,1,0,0,0,Trabajo Colaborativo. Vida y Carrera.,1,0,0,0,0,0,0,1,0,Potenciar el desarrollo del equipo y la organización,,104912498,d853731f-ddcc-4523-91ec-0f0466faef8f,2020-06-17T01:02:18,,4
2020-06-16T19:09:32.029-05:00,2020-06-16T20:11:08.434-05:00,2020-06-15,Sí,2020-06-16,Impacto,,,"La llegada al nuevo cargo fue sencilla, pero entender de qué me hablaban no. Soy el mayor del grupo, eso facilitó ser jefe, pero mi interés era entender, no ser obedecido. Sentía temor de hacer mal las cosas, pero fui afortunado porque era enero y había tiempo para preguntar, para leer, para consultar. Había tiempo para pensar. Amo pensar. Y descubrí que el equipo entero ama pensar. Incluso, se resiste a que se le asigne el rol de robot. Fueron muy amables, pacientes y honestos. Eso facilitó todo. Amo la honestidad. Poco a poco entendí la historia del Laboratorio, lo que habían hecho bien y lo que habían hecho mal. Empezamos la era del co: co-crear, co-construir, co-pensar. Amo el co. Tomamos decisiones, organizamos el año, distribuimos el presupuesto. De pronto, en un momento de reflexión de equipo, quedé muy sorprendido porque todos manifestaron gratitud y alegría pues sus ideas eran oídas, tenidas en cuenta y ejecutadas, porque aportaban, porque el co era real para todos. Eso me llamó mucho la atención, pero no quise saber del pasado. Pasaron los días y las semanas y descubrí que el trabajo era divertido. Mi abuelita dice que todo exceso es dañino, viví la realidad opuesta con el equipo porque no hubo excesos, al contrario, hubo trabajo, seriedad, compromiso, risas por montón. Amo al equipo de trabajo.",Trabajar debe ser divertido,Motivación,Todo el tiempo,Los momentos de evaluación y realimentación de los equipos. La calidad de las interacciones entre los colaboradores. El trabajo colaborativo entre el equipo y/o entre áreas.,0,0,0,1,0,0,1,0,1,Compañeros de trabajo,,Fui muy honesto y conté lo que me pasó, Habilidades comunicativas.,0,0,0,0,0,0,0,0,0,0,1,0,0,0,0,Trabajo Colaborativo. Comunicación. Pensamiento Crítico. Resolución de problemas. Vida y Carrera.,1,1,1,1,0,0,0,1,0,Potenciar el desarrollo del equipo y la organización,,104913032,4705bb38-4127-494d-a295-bd1f9cf9e242,2020-06-17T01:11:09,,5
2020-06-17T06:51:24.354-05:00,2020-06-17T07:18:57.561-05:00,2020-06-16,Sí,2020-06-17,Financiera y Operativa,,,"Lo que actualmente se conoce como la Fundación United Way Colombia nació hace 22 años en las manos de una serie de empresarios colombianos, principalmente del sector bancario. Son muchas las personas que a lo largo de este tiempo han dedica tiempo, esfuerzo, e incluso buena parte de sus vidas, no solo a servir a las comunidades a las que nos debemos, sino a hacer que la empresa crezca y se mantenga en el tiempo. Por los pasillos de nuestras oficinas, y en medio de nuestras actividades diarias, deambulan los espíritus, ideas y visiones de futuros de hombres y mujeres que, aunque ya no hacen parte de la empresa, dejaron un legado valioso. Es una gran tentación pensar que la fundación existe gracias a nosotros... que somos los adanes y evas de ""una nueva empresa” que recién inició en diciembre del año pasado. Resulta tentador guardar en una carpeta toda la historia de este lugar y comenzar de nuevo... borrar lo que creemos que no sirve y reemplazarlo por lo que ha servido en otra parte bajo otras circunstancias. Qué enorme tentación también es olvidar que pronto nosotros también seremos parte de ese pasado, que haremos equipo con los espíritus que han mantenido esta organización por 22 años. Cierto es que lo que existe actualmente no se debe en su mayoría a nosotros, pero también es cierto que somos responsables de continuar lo obra, de garantizar la sostenibilidad del proyecto, de dejar de ser una empresa con los vicios de empresa familiar y una visión local para estar a la altura de una organización internacional como lo es United Way Worldwide. Qué maravilloso sería vivir nuestro trabajo cada día con la sabiduría de los que estuvieron antes que nosotros, la conciencia sobre la responsabilidad enorme que tenemos con los más necesitados, y con la capacidad de ver más a allá del presente trascendiendo en el tiempo.",Espíritus de los tiempos,Tranquilidad,Todo el tiempo,El trabajo colaborativo entre el equipo y/o entre áreas.,0,0,0,0,0,0,0,0,1,Compañeros de trabajo,,Fui muy honesto y conté lo que me pasó, Habilidades comunicativas. Habilidades tecnológicas. Habilidades socio-ambientales.,0,0,0,0,0,0,0,0,0,0,1,0,1,1,0,Trabajo Colaborativo. Comunicación. Pensamiento Crítico. Resolución de problemas. Manejo de herramientas tecnológicas. Creatividad e Innovación. Vida y Carrera. Sostenibilidad.,1,1,1,1,1,0,1,1,1,Potenciar el desarrollo del equipo y la organización,,105037693,105010ab-7049-4ea3-a0bc-af4a53d63ea0,2020-06-17T12:18:57,,6
2020-06-17T08:36:40.509-05:00,2020-06-17T08:45:11.853-05:00,2020-06-16,Sí,2020-06-17,Financiera y Operativa,,,"Mi ingreso la fundacion se dio en un momento donde era importante terminar uno de los entregables quiza mas importantes en mi area profesional, fue el momento de desmotrar y demostrarme a mi misma porque habia recibido ese titulo profesional en octubre del año pasado, con ello aprendi que apesar de ese titulo segia siendo yo la que estaba en este lugar y que lo que pudimos hacer no se hizo por que tuvieramos muchos cartones colgados en casa sino por lo que con el tiempo habiamos construido como personas.",amaloquehaces,Sentido de pertenencia,Todo el tiempo,El trabajo colaborativo entre el equipo y/o entre áreas.,0,0,0,0,0,0,0,0,1,Compañeros de trabajo,yo,Fui muy honesto y conté lo que me pasó, Habilidades comunicativas. Habilidades socioemocionales. Habilidades tecnológicas.,0,0,0,0,0,0,0,0,0,0,1,1,1,0,0,Trabajo Colaborativo. Comunicación. Resolución de problemas. Manejo de herramientas tecnológicas. Manejo de la Información. Vida y Carrera.,1,1,0,1,1,1,0,1,0,Solucionar la situación poniendo en práctica mis conocimientos profesionales y personales,,105059892,eba58793-6406-4f9e-ac2f-248e81b0c73f,2020-06-17T13:45:07,,7
2020-06-17T09:17:35.842-05:00,2020-06-17T10:49:10.789-05:00,2020-06-16,Sí,2020-06-17,Relacionamiento,,,"La contingencia que estamos viviendo, ha llevado a la organización y a las personas que hacemos parte de ella a reinventarnos. Lo que estamos viviendo, no sólo nos ha llevado a tener un mayor trabajo en equipo a pesar de la distancia sino que ha transformado la manera en la que nos vemos, pensamos, nos relacionamos y hacemos las cosas sin perder de foco lo verdaderamente importante, la escencia de lo que queremos y la memoria histórica de lo que hemos logrado.  El escenario actual no deja deja de retarnos todo el tiempo y esto a ratos se vuelve abrumador. En el caso del relacionamiento con las empresas y los donantes, los planes de trabajo a los cuales les dedicamos tantas horas de trabajo y empeño con todo el equipo antes del primer aislamiento social de un día para otro se convirtieron en inviables. Muchos de estos fueron cancelados, ajustados o aplazados de acuerdo al contexto y las herramientas con las que contamos actualmente llevandonos a estar en modo beta pero sin dejar de lado el optimismo y la confianza en todo el equipo que hace parte de la Fundación.",#ElPoderDelAhora,Motivación,Única vez,El desempeño de los colaboradores y los equipos de trabajo.,0,0,0,0,1,0,0,0,0,Compañeros de trabajo,,Fui muy honesto y conté lo que me pasó, Habilidades comunicativas. Habilidades socioemocionales. Habilidades tecnológicas.,0,0,0,0,0,0,0,0,0,0,1,1,1,0,0,Trabajo Colaborativo. Comunicación. Resolución de problemas. Manejo de herramientas tecnológicas. Creatividad e Innovación.,1,1,0,1,1,0,1,0,0,Solucionar la situación poniendo en práctica mis conocimientos profesionales y personales,,105087619,85729af9-3c12-4ad0-8b5c-e8c9c9df6790,2020-06-17T15:36:28,,8
2020-06-17T09:08:19.425-05:00,2020-06-17T12:26:54.570-05:00,2020-06-16,Sí,2020-06-17,Relacionamiento,,,"Pensar en una situación significativa es bien complejo, sobre todo cuando se tienen muchas. Sin embargo, en este momento de mi vida profesional se me ha dado la posibilidad de acompañar el voluntariado regional de Deloitte; esto fue una sorpresa para mí pues este tipo de actividades normalmente son lideradas por los ejecutivos o la jefe nacional de voluntariado.  Esta misión viene acompañada de algunos retos; el primero radica en que es la primera vez que Deloitte realiza un voluntariado de este tipo con UW Colombia; por lo tanto, debo cuidar muy bien cada detalle para que el voluntario tenga una experiencia satisfactoria; el segundo es entender las diferentes dinámicas de cada una de las regiones y articularlas a lo que el proyecto requiere para garantizar un proceso exitoso. Sin duda alguna esta experiencia me permite poner al servicio de la fundación todo lo aprendido a lo largo de estos tres años.",#deMedellínparaelmundo.,Motivación,Única vez,Los momentos de evaluación y realimentación de los equipos. El desempeño de los colaboradores y los equipos de trabajo. La documentación de procesos referentes al cumplimiento del cargo. El trabajo colaborativo entre el equipo y/o entre áreas.,0,0,0,1,1,0,0,1,1,Compañeros de trabajo,,Fui muy honesto y conté lo que me pasó, Habilidades comunicativas. Habilidades socioemocionales. Habilidades tecnológicas.,0,0,0,0,0,0,0,0,0,0,1,1,1,0,0,Trabajo Colaborativo. Comunicación. Pensamiento Crítico. Manejo de la Información. Vida y Carrera.,1,1,1,0,0,1,0,1,0,"Acompañar a un aliado, socio o entidad territorial",,105108349,c54e4c88-67c3-426e-bed7-442ee6530664,2020-06-17T17:26:43,,9
2020-06-17T11:02:22.828-05:00,2020-06-17T17:04:47.701-05:00,2020-06-16,Sí,2020-06-17,Impacto,,,"Llegar a un lugar donde tus ideas, propuestas e iniciativas son tenidas en cuenta ha significado mucha alegría para mí, porque cuando te dan la posibilidad de crear e innovar, la motivación por lo que haces y el sentido que le das es muy positivo como profesional y como persona. También, tener claridades de que lo que hacemos debe impactar para que los niños y niñas no abandonen su proceso educativo y que por ello acompañamos a los maestros para que innoven sus prácticas educativas es una filosofía que llevo siempre en cada acción que realizo como parte de la Fundación. También, poder medir nuestras acciones y demostrarlas con datos y hechos no ocurre en muchos lugares de trabajo...hay un lugar donde se co crea y se comparten aprendizajes sobre todo en cada regional. Esta historia termina con un deseo, y es que todo lo que dice esta historia trascienda las cercanías y pueda vivirse a nivel nacional, un ambiente de trabajo que sea así de abierto, de colaborativo y feliz en cualquier lugar y en cualquier modalidad de trabajo.",Un lugar para crear,Motivación,Todo el tiempo,Los momentos de evaluación y realimentación de los equipos. El desempeño de los colaboradores y los equipos de trabajo. El trabajo colaborativo entre el equipo y/o entre áreas.,0,0,0,1,1,0,0,0,1,Compañeros de trabajo,,Fui muy honesto y conté lo que me pasó, Habilidades comunicativas. Habilidades socioemocionales. Habilidades tecnológicas.,0,0,0,0,0,0,0,0,0,0,1,1,1,0,0,Trabajo Colaborativo. Creatividad e Innovación. Vida y Carrera.,1,0,0,0,0,0,1,1,0,"Ser propositivo, generando nuevas ideas que contribuyan con la visión de la organización",,105142066,f908d4f1-b433-49c7-a4bb-ec17bb101a32,2020-06-17T22:04:51,,10
2020-06-17T17:25:51.206-05:00,2020-06-17T17:36:51.402-05:00,2020-06-16,Sí,2020-06-17,Relacionamiento,,,"Durante este año, siento que el trabajo ha sido muy complicado, pero muy interesante. Siento que las direcciones -todas- deben trabajar más desde la solución y no desde el problema. Con mi equipo, y es una lástima, a veces la sensación es de persecución o vigilancia, lo cual desgasta la confianza entre compañeros. Lo relaciono con las direcciones, porque entre compañaeros de regionales y otros equipos, pese a los problemas que hacen parte de lo que hacemos, siempre hay una capacidad propositiva y ante esta situación creo que estamos aprendiendo a trabajar en equipo de manera muy fuerte y eso me alienta mucho. Creo que la invitación para Cris, los directores y para todos -me incluyo- es salir de la barrera que genera profundizar en el problema y buscar culpas, y partir hacia el reconocimiento de los errores personales de equipo y ante esos errores, trabajar en las soluciones o mejoras posibles.",Los errores: nuestra oportunidad para crecer,Sentido de pertenencia,De vez en cuando,Los momentos de evaluación y realimentación de los equipos. La calidad de las interacciones entre los colaboradores. El trabajo colaborativo entre el equipo y/o entre áreas.,0,0,0,1,0,0,1,0,1,Compañeros de trabajo,,Fui muy honesto y conté lo que me pasó, Habilidades comunicativas. Habilidades socioemocionales.,0,0,0,0,0,0,0,0,0,0,1,1,0,0,0,Trabajo Colaborativo. Resolución de problemas. Creatividad e Innovación.,1,0,0,1,0,0,1,0,0,Fortalecerme como colaborador,,105143573,be08daf9-80b1-4eab-820e-c201c95c26ea,2020-06-17T22:36:50,,11
2020-06-17T17:32:12.422-05:00,2020-06-17T18:35:31.437-05:00,2020-06-16,Sí,2020-06-17,Relacionamiento,,,"Yo ingresé a Diviendendo por Colombia con los cargos  de archivo contable, mensajería y aseo los cuales los ejerci  por varios años.  En ese momento sentía que no podía avanzar y desarrollar mis capacidades. Con el paso del tiempo la fundación fue cambiando ingresaron nuevas personas y muchas otras se fueron.  En paralelo que la empresa se fue transformando a lo que hoy es United way, mis funciones también fueron cambiando. Gracias a una directora que vio en mí otras capacidades. De esta manera, empece a apoyar funciones de voluntariado y posteriormente, tareas administrativas, y me sentí feliz de poder aprender nuevas herramientas y labores. Así, la empresa me ayudó a progresar mientras yo la veía triunfando.",Oportunidades,Alegría,Única vez,Los momentos de evaluación y realimentación de los equipos. El desempeño de los colaboradores y los equipos de trabajo.,0,0,0,1,1,0,0,0,0,Directivos,,Fui muy honesto y conté lo que me pasó,Habilidades socio-ambientales.,0,0,0,0,0,0,0,0,0,0,0,0,0,1,0,Trabajo Colaborativo.,1,0,0,0,0,0,0,0,0,Potenciar el desarrollo del equipo y la organización,,105146498,2a64e647-819d-4db9-b33e-80b5eceeea0e,2020-06-17T23:35:31,,12
2020-06-17T19:01:37.100-05:00,2020-06-18T08:02:21.068-05:00,2020-06-16,Sí,2020-06-17,Financiera y Operativa,,,"Hace un año me encuentro en la fundación United Way Colombia, el comienzo fue muy dificil mi rol no estaba definido, y era complicado no saber que vas hacer todos los dias, mi jefe fue despedido, y después la fundación cambio de dirección ejecutiva y de nombre. Sin embargo todo mejoró cuando nos fusionamos con Genesis, llego nueva gente y una nueva visión que mejoró todo, estoy eternamente agradecido por poder hacer lo que me gusta y ayudar al país.",Los cambios,Motivación,Única vez,El trabajo colaborativo entre el equipo y/o entre áreas.,0,0,0,0,0,0,0,0,1,Compañeros de trabajo,,Fui muy honesto y conté lo que me pasó,Habilidades socioemocionales.,0,0,0,0,0,0,0,0,0,0,0,1,0,0,0,Trabajo Colaborativo.,1,0,0,0,0,0,0,0,0,Fortalecerme como colaborador,,105264645,1d90753e-407a-4e54-8226-5120489dd108,2020-06-18T13:02:22,,13
2020-06-18T07:54:25.780-05:00,2020-06-18T08:08:35.347-05:00,2020-06-17,Sí,2020-06-18,Financiera y Operativa,,,"Hace unos meses encontramos a una de mis compañeras llorando porque según ella había cometido un error garrafal, el primero de mis compañeros que se enteró qué pasaba, le dijo, un momento, todo tiene solución, para que somos un equipo, cuénteme bien y como equipo vamos a encontrar la solución y así fue, en minutos mi compañera sonreía porque comprobó que no estaba sola.",#trabajoenequipo,Motivación,De vez en cuando,El trabajo colaborativo entre el equipo y/o entre áreas.,0,0,0,0,0,0,0,0,1,Compañeros de trabajo,,Fui muy honesto y conté lo que me pasó,Habilidades socioemocionales.,0,0,0,0,0,0,0,0,0,0,0,1,0,0,0,Trabajo Colaborativo. Comunicación. Resolución de problemas.,1,1,0,1,0,0,0,0,0,Fortalecerme como colaborador,,105266750,9360392a-dd7e-425c-b991-b8b6c06b1522,2020-06-18T13:08:40,,14
2020-06-18T09:01:24.907-05:00,2020-06-18T09:28:18.780-05:00,2020-06-17,Sí,2020-06-18,Relacionamiento,,,"La coyuntura que vivimos nos hace pensar en las veces en que fuimos felices y no nos dimos cuenta. De esto trata la siguiente historia, apreciado lector. Sientése cómo y comparta conmigo la siguiente anécdota. Era marzo de este año, como todos los días tome el Transmilenio para dirigirme el trabajo y mientras intentaba entrar a algún autobús sentía como las demás personas destruían la bolsa que cargaba en mi hombro con distintos materiales que debía llevar para una actividad muy importante con mi equipo de trabajo. Puesto que era muy importante para mí, la cuidé como a un bebé, sabía que cada tarea que cada uno debía cumplir era esencial para que todo funcionara, así que con todo el esfuerzo que cualquier bogotano sabe que representa subirse a estos buses lo logré y me encaminé al que sería uno de los días más gratificantes en mi estadía en United Way Colombia. Junto a mi equipo de Relacionamiento realizaríamos la tan esperada y planeada Convención de Relación con Empresas y Donantes donde brindaríamos a los ejecutivos de cuenta herramientas y apoyo para motivarlos a realizar mejor su trabajo y a saber que son esenciales para nuestro propósito como organización. Durante meses planeamos todos los detalles y sabía que al igual que yo, todos mis compañeros estaban emocionados al respecto. Me emocioné mucho al ver que cada uno de ellos, como yo, llegó con bolsas gigantes y una sonrisa aun más grande. Organizamos todo, nuestros invitados llegaron y comenzó a desarrollarse todo lo que planeamos. Creo que algo maravilloso de trabajar en equipo es ver como todo lo imaginado se materializa gracias a la dedicación de cada uno ¿Te ha pasado, querido lector? Bueno, creo que realmente no deberías temer a trabajar en equipo, te hace sentir parte de algo y además luchar por algo más grande, que en mi caso, es brindar una educación de calidad a los niños y niñas de Colombia. Así pues, las horas pasaron y las experiencias quedaron grabadas en nuestra memoria, nos sentimos muy orgullosos de lo que hacemos y sobretodo los ejecutivos de cuenta se sintieron especiales por dicho encuentro. Cumplimos nuestra meta y recibimos agradecimientos. Recuerdo que nos tomamos una fotografía al final de esta travesía y nos reímos de nosotros mismos al ver la cara de cansancio pero el rostro de felicidad imborrable. Nos despedimos tras la foto y todos emprendimos de nuevo el camino a casa. Ahora con las bolsas vacías, pero el corazón contento, caminé al transmilenio, sin saber que sería la última vez en que lo haría. Y de eso se trata vivir, apreciado lector, nunca sabes cuándo será la última vez en que abrazas a tus compañeros, por ejemplo, pero tu memoria siempre podrá volver a dicho instante y sentirse pleno de haber vivido con tal felicidad.",#EramosFelicesYSíNosDimosCuenta,Alegría,De vez en cuando,"La vinculación y el relacionamiento de socios, empresas o entidades territoriales. El desempeño de los colaboradores y los equipos de trabajo. La calidad de las interacciones entre los colaboradores. El trabajo colaborativo entre el equipo y/o entre áreas.",0,0,1,0,1,0,1,0,1,Compañeros de trabajo,,Fui muy honesto y conté lo que me pasó,Habilidades artísticas.  Habilidades comunicativas. Habilidades socioemocionales. Habilidades tecnológicas. Habilidades socio-ambientales.,0,0,0,0,0,0,0,0,0,1,1,1,1,1,0,Trabajo Colaborativo. Comunicación. Resolución de problemas. Manejo de herramientas tecnológicas. Creatividad e Innovación. Vida y Carrera.,1,1,0,1,1,0,1,1,0,"Ser propositivo, generando nuevas ideas que contribuyan con la visión de la organización",,105283574,39d2f79d-0062-435b-98bf-1f6f1f52ad70,2020-06-18T14:28:19,,15
2020-06-18T12:19:08.170-05:00,2020-06-18T12:27:49.320-05:00,2020-06-17,Sí,2020-06-18,Relacionamiento,,,"En el año 2018, se reconoció mi buen desempeño en la consecución de recursos de aportes por nómina a través de la oportunidad de participar de una capacitación en Méjico sobre este tema",#reconociendotulabor,Motivación,De vez en cuando,El desempeño de los colaboradores y los equipos de trabajo.,0,0,0,0,1,0,0,0,0,Socios o aliados,,Fui muy honesto y conté lo que me pasó, Habilidades comunicativas. Habilidades socioemocionales. Habilidades tecnológicas.,0,0,0,0,0,0,0,0,0,0,1,1,1,0,0,Trabajo Colaborativo. Comunicación. Pensamiento Crítico. Manejo de la Información. Creatividad e Innovación. Vida y Carrera.,1,1,1,0,0,1,1,1,0,"Ser propositivo, generando nuevas ideas que contribuyan con la visión de la organización",,105315388,6126ca58-e693-4aea-a2be-a3df144d5112,2020-06-18T17:17:17,,16
2020-06-18T12:00:06.628-05:00,2020-06-18T12:20:18.701-05:00,2020-06-17,Sí,2020-06-18,Relacionamiento,,,"El año pasado tuvimos un reto inmenso con el voluntariado más grande de Latinoamérica que fue el de SURA y que estuvo a mi cargo en su totalidad, en este súper evento existieron varias experiencias significativas en el diseño, en la operación y en el cierre.  Sin embargo fue en el cierre donde tuve la experiencia más especial al saber que la evaluación de satisfacción del cliente supero mi expectativa y logramos por primera vez en 4 años tener una satisfacción de todos los países por encima de lo esperado .",#ellogrodelaño,Motivación,De vez en cuando,El desempeño de los colaboradores y los equipos de trabajo. La disposición intencionada de espacios y los materiales que se usan para enriquecerlos. La calidad de las interacciones entre los colaboradores. El trabajo colaborativo entre el equipo y/o entre áreas.,0,0,0,0,1,1,1,0,1,Compañeros de trabajo,,Fui muy honesto y conté lo que me pasó, Habilidades comunicativas. Habilidades socioemocionales. Habilidades tecnológicas.,0,0,0,0,0,0,0,0,0,0,1,1,1,0,0,Trabajo Colaborativo. Comunicación. Pensamiento Crítico. Resolución de problemas. Manejo de la Información. Creatividad e Innovación. Vida y Carrera. Sostenibilidad.,1,1,1,1,0,1,1,1,1,"Acompañar a un aliado, socio o entidad territorial",,105315955,be6f349e-f25d-4579-a5b7-966a0a05bb88,2020-06-18T17:20:20,,17
2020-06-18T11:07:08.533-05:00,2020-06-18T13:26:50.863-05:00,2020-06-17,Sí,2020-06-18,Relacionamiento,,,"Fue bastante grato saber, que luego de haber ingresado a United Way, a inicio de marzo de este año, iba a tener la posibilidad de viajar a Bogotá a conocer mucho más de la dinámica de la Fundación y además, a compartir con mis colegas comunicadores con quienes iban a trabajar conmigo a la distancia. Me divertí demasiado porque fue una experiencia completamente nueva al ser mi primer viaje de trabajo luego de salir de la universidad. Las jornadas, a pesar de ser largas, fueron muy nutritivas y creo que no pudo haber sido en un mejor momento para poder dimensionar el funcionamiento, las relaciones, la filosofía y el alma del lugar donde me iba a desempeñar con mi profesión.",#ElMejorInicio,Alegría,Única vez,El trabajo colaborativo entre el equipo y/o entre áreas.,0,0,0,0,0,0,0,0,1,Compañeros de trabajo,,Fui muy honesto y conté lo que me pasó, Habilidades comunicativas. Habilidades socioemocionales. Habilidades tecnológicas.,0,0,0,0,0,0,0,0,0,0,1,1,1,0,0,Trabajo Colaborativo. Manejo de herramientas tecnológicas. Manejo de la Información. Creatividad e Innovación. Vida y Carrera.,1,0,0,0,1,1,1,1,0,Fortalecerme como colaborador,,105327381,b24a96ae-5235-4535-9c98-34bd46b76bd7,2020-06-18T18:26:52,,18
2020-06-18T13:52:22.745-05:00,2020-06-18T14:03:08.396-05:00,2020-06-17,Sí,2020-06-18,Relacionamiento,,,"En la organización en la que trabajo siento que algunas áreas no trabajan articuladamente y que hacen que eso lo noten nuestros aliados, en varias oportunidades se piden cosas, requerimientos que son necesarios y se presentan dilaciones en los procesos que no permiten avanzar; así mismo, se percibe gran protagonismos de varias personas de la organización que no hace visible la contribución de otros integrantes del equipo en propuestas y demás",Avanzar y retroceder,Rabia ,De vez en cuando,La calidad de las interacciones entre los colaboradores. El trabajo colaborativo entre el equipo y/o entre áreas.,0,0,0,0,0,0,1,0,1,Compañeros de trabajo,,Fui muy honesto y conté lo que me pasó,Habilidades artísticas.  Habilidades comunicativas. Habilidades socioemocionales.,0,0,0,0,0,0,0,0,0,1,1,1,0,0,0,Trabajo Colaborativo. Comunicación. Resolución de problemas. Creatividad e Innovación.,1,1,0,1,0,0,1,0,0,Solucionar la situación poniendo en práctica mis conocimientos profesionales y personales,,105332830,d59eb69d-fcf5-47fd-8749-d65ebf20d919,2020-06-18T19:03:08,,19
2020-06-18T16:01:15.787-05:00,2020-06-18T16:10:29.373-05:00,2020-06-17,Sí,2020-06-18,Impacto,,,"Desde que entré a esta Fundación, lo único que he recibido han sido aprendizajes y retos que me han hecho mejor profesional y persona. Mi directora tanto mi jefe directa, han sido y son un gran apoyo para creer en mí misma y elegir que mi carrera profesional sea una de mis prioridades por las cualidades que han conseguido que yo misma vea en mi perfil. Por supuesto, en mi carrera como diseñadora de experiencias ha habido altos y bajos por la falta de comunicación, de trabajo colaborativo y, en algunos casos aislados, por la falta de validación de nuestras acciones como equipo de Impacto. Sin embargo, en conclusión, mi narrativa quiero que se centre en cómo la Fundación ha cambiado mi vida y la de mi familia para mejor. Sin duda, cuentan con mi compromiso, fidelidad y lealtad para seguir inventando, proponiendo locuras y cumpliendo sueños junto con nuestros profes, directivos y estudiantes.",#Labcomoestilodevida,Sentido de pertenencia,Todo el tiempo,El desempeño de los colaboradores y los equipos de trabajo. La calidad de las interacciones entre los colaboradores. El trabajo colaborativo entre el equipo y/o entre áreas.,0,0,0,0,1,0,1,0,1,Compañeros de trabajo,,Fui muy honesto y conté lo que me pasó, Habilidades comunicativas. Habilidades socioemocionales.,0,0,0,0,0,0,0,0,0,0,1,1,0,0,0,Trabajo Colaborativo. Resolución de problemas. Creatividad e Innovación.,1,0,0,1,0,0,1,0,0,Fortalecerme como colaborador,,105348457,acc5675f-7534-4b95-9109-96aa2c36e277,2020-06-18T21:10:30,,20
2020-06-18T15:21:12.892-05:00,2020-06-18T17:19:26.256-05:00,2020-06-17,Sí,2020-06-18,Impacto,,,"erase una vez, una nueva fundación donde sentia un poco de inquietud ante lo nuevo, donde el paso del tiempo se van conociendo más de esta fundación y las personas que están ella, que durante estos 6 meses se calmaron todos los miedos.",#renacer,Sentido de pertenencia,Única vez,El trabajo colaborativo entre el equipo y/o entre áreas.,0,0,0,0,0,0,0,0,1,Otro,yo,Fui muy honesto y conté lo que me pasó, Habilidades comunicativas. Habilidades socioemocionales. Habilidades socio-ambientales.,0,0,0,0,0,0,0,0,0,0,1,1,0,1,0,Trabajo Colaborativo. Comunicación. Pensamiento Crítico. Resolución de problemas. Manejo de herramientas tecnológicas. Creatividad e Innovación. Vida y Carrera.,1,1,1,1,1,0,1,1,0,Solucionar la situación poniendo en práctica mis conocimientos profesionales y personales,,105353744,18847cb8-9247-4b7d-b8c6-b848c801196f,2020-06-18T22:19:28,,21
2020-06-18T15:21:12.892-05:00,2020-06-18T17:19:29.587-05:00,2020-06-17,Sí,2020-06-18,Impacto,,,"erase una vez, una nueva fundación donde sentia un poco de inquietud ante lo nuevo, donde el paso del tiempo se van conociendo más de esta fundación y las personas que están ella, que durante estos 6 meses se calmaron todos los miedos.",#renacer,Sentido de pertenencia,Única vez,El trabajo colaborativo entre el equipo y/o entre áreas.,0,0,0,0,0,0,0,0,1,Otro,yo,Fui muy honesto y conté lo que me pasó, Habilidades comunicativas. Habilidades socioemocionales. Habilidades socio-ambientales.,0,0,0,0,0,0,0,0,0,0,1,1,0,1,0,Trabajo Colaborativo. Comunicación. Pensamiento Crítico. Resolución de problemas. Manejo de herramientas tecnológicas. Creatividad e Innovación. Vida y Carrera.,1,1,1,1,1,0,1,1,0,Solucionar la situación poniendo en práctica mis conocimientos profesionales y personales,,105353752,18847cb8-9247-4b7d-b8c6-b848c801196f,2020-06-18T22:19:31,,22
2020-06-18T19:25:52.917-05:00,2020-06-18T20:15:12.120-05:00,2020-06-17,Sí,2020-06-18,Impacto,,,"La unificación de criterios nacionales del área de impacto donde se requiere trabajo en equipo y colaborativo de parte de los diferentes miembros de impacto de las regionales, revisión de cada una de las iniciativas de impacto y entender cómo se materializan en los diferentes territorios y como las podemos alinear para cumplir con una mínima norma y es todos estar articulados a la misma meta de la misma forma. Esta fue una gran misión encomendada y que empezamos a sacar adelante en el presente año con todas las reestructuraciones que tiene la Fundación, al inicio fue muy motivante  para mí porque era la posibilidad de unificar criterios, experiencias y victorias tempranas que nos permiten identificar que vamos por el camino que es y me soñaba con discusiones y conclusiones interesantes a partir de las experticias de todos, de este gran equipo de profesionales…  Pero al emprender esta misión y materializar ese trabajo en equipo me ha costado mucho y siento en ocasiones que es un ejercicio necesario y valioso pero a la vez muy desgastante y desmotivador, siento que falta confianza frente a las experiencias y posturas de los diferentes profesionales, siento que falta flexibilidad para dar y recibir y sobre todo respeto y valor por lo que los otros hacen, piensan y creen, no sé si sea un factor de egos profesionales o sea por las capacidades y cualidades culturales que cada uno posee desde su ser que responde a una programación social y cultural, aún estoy tratando de analizar y entender que será…  Mientras tanto sigo avanzando con el reto para cumplir la meta propuesta, igual siento que no puedo generalizar porque apenas ocurre con una o dos personas que en el fondo son profesionales muy valiosos y con grandes cualidades pero hay algo que no los deja encajar de manera natural y práctica en un proceso de co creación colectiva, esto lo asumo como una oportunidad de aprendizaje más que profesional emocional, porque me apasiona lo que hago y me encanta ver cada día como todo va tomando mayor forma, como vamos creciendo con las estrategias de impacto y sobre todo como estas acciones están transformando la mirada y actuar de los profes de la región y del país en general, lo cual me dice en el fondo que vale la pena el desgaste, así piense que porque lo tenemos que hacer difícil si fácil y práctico también se puede. Me siento muy orgullosa de trabajar en esta organización por la visión que tiene de los procesos sociales y educativos, principios que llevan a desempeñar una labor de alto impacto, entre estas contribuir con la transformación de la educación del país… una frase que cuando la escuche por primera vez en nuestros lemas la veía muy inalcanzable y compleja de cumplir, pero que hoy con las victorias tempranas puedo decir SI es posible y si nos conectáramos diferentes como equipo podríamos llegar más lejos y con mayor contundencia al cumplimiento de nuestro propósito misional.",El valor del trabajo en equipo,Motivación,Todo el tiempo,El desempeño de los colaboradores y los equipos de trabajo. La calidad de las interacciones entre los colaboradores. El trabajo colaborativo entre el equipo y/o entre áreas.,0,0,0,0,1,0,1,0,1,Compañeros de trabajo,,Fui muy honesto y conté lo que me pasó, Habilidades comunicativas. Habilidades socioemocionales. Habilidades socio-ambientales.,0,0,0,0,0,0,0,0,0,0,1,1,0,1,0,Trabajo Colaborativo. Comunicación. Resolución de problemas. Creatividad e Innovación. Vida y Carrera.,1,1,0,1,0,0,1,1,0,"Ser propositivo, generando nuevas ideas que contribuyan con la visión de la organización",,105362723,17bab7b2-5941-44da-bd2d-44cc0ef1e1ce,2020-06-19T01:15:13,,23
2020-06-18T14:23:47.136-05:00,2020-06-18T20:33:06.626-05:00,2020-06-17,Sí,2020-06-18,Relacionamiento,,,"Este año decidimos comenzar a trabajar con una estrategia digital que nos permitiera diversificar los fondos de la Fundación a través de aportes económicos de ciudadanos de a pie. Ha sido un trabajo lleno de aprendizajes, cada resultado se ha celebrado como el triunfo más grande. Hace poco menos de dos semana una noticia llenó mi corazón de alegría. Pensaba: ""¡Por fin, por fin tenemos un resultado! ¡Lo logramos, encontramos el camino!"" Y mi emoción no era para menos, pues después de meses de intentarlo de construir estrategias, informes y acoger recomendaciones, por fin lográbamos nuestra primera donación a través de telemarketing. SÍ, una donación se tradujo en la felicidad de todo un equipo. Una acción siempre que significa un gran triunfo.",El resultado,Motivación,Única vez,La apropiación y uso de herramientas tecnológicas para atender tu trabajo. El desempeño de los colaboradores y los equipos de trabajo. El trabajo colaborativo entre el equipo y/o entre áreas.,1,0,0,0,1,0,0,0,1,Compañeros de trabajo,,Fui muy honesto y conté lo que me pasó, Habilidades comunicativas. Habilidades socioemocionales. Habilidades tecnológicas.,0,0,0,0,0,0,0,0,0,0,1,1,1,0,0,Trabajo Colaborativo. Comunicación. Pensamiento Crítico. Manejo de herramientas tecnológicas. Creatividad e Innovación. Vida y Carrera.,1,1,1,0,1,0,1,1,0,Solucionar la situación poniendo en práctica mis conocimientos profesionales y personales,,105363372,3884dbd1-695a-43b6-ab9d-6082f4d50008,2020-06-19T01:33:06,,24
2020-06-18T21:24:04.484-05:00,2020-06-18T21:37:32.976-05:00,2020-06-17,Sí,2020-06-18,Relacionamiento,,,"He tenido experiencias muy significativas en estos años en la Fundación, una de estas fue en 2018 generar una estrategia comercial que nos permitío contener la caída del AVN. Recuerdo que trabajando fuertemente con los ejecutivos,  involucramos a la Junta, iniciamos implementación Sales Force, creamos nuevos procesos y acciones. Con esto, logramos mantener los ingresos recurrentes para los proyectos, en especial para Modelos Flexibles, aumentar la satisfacción de las empresas y crecer la organizaión.",#Latareaesdetodos,Tristeza,De vez en cuando,"La vinculación y el relacionamiento de socios, empresas o entidades territoriales.",0,0,1,0,0,0,0,0,0,Socios o aliados,,Fui muy honesto y conté lo que me pasó, Habilidades comunicativas. Habilidades socioemocionales. Habilidades tecnológicas.,0,0,0,0,0,0,0,0,0,0,1,1,1,0,0,Trabajo Colaborativo. Comunicación. Pensamiento Crítico. Resolución de problemas. Manejo de la Información. Creatividad e Innovación. Sostenibilidad.,1,1,1,1,0,1,1,0,1,"Ser propositivo, generando nuevas ideas que contribuyan con la visión de la organización",,105367603,b36520d2-0940-4cee-b245-77d0c93280ba,2020-06-19T02:37:36,,25
2020-06-19T08:04:02.375-05:00,2020-06-19T08:18:26.000-05:00,2020-06-18,Sí,2020-06-19,Impacto,,,"El teletrabajo ha traído cosas muy interesantes para mi. He podido trabajar cercanamente con personas de otras regiones, enocntrandome con un equipo contemporaneo, con un ambiente que mezcla la amistad, colaboración,la informalidad y frescura pero también un alto compromiso. En especial he sentido un servicio de colaboración genuino de Antioquia. Creo que esto ha sido posible por el teletrabajo, esta contingencia nos llevo a unirnos más, a compartir más y a co-crear. Me gustaría que pudiéramos mantener está dinámica de trabajo cuando volvieramos a la presencialidad. Por otra parte y cambiando de tema me gustaría tener una mejor remuneración.",ambiente cool,Motivación,Todo el tiempo,El desempeño de los colaboradores y los equipos de trabajo. La calidad de las interacciones entre los colaboradores. El trabajo colaborativo entre el equipo y/o entre áreas.,0,0,0,0,1,0,1,0,1,Compañeros de trabajo,,Fui muy honesto y conté lo que me pasó, Habilidades comunicativas. Habilidades socioemocionales.,0,0,0,0,0,0,0,0,0,0,1,1,0,0,0,Trabajo Colaborativo. Comunicación. Creatividad e Innovación.,1,1,0,0,0,0,1,0,0,Fortalecerme como colaborador,,105459077,bada220d-5f02-42a7-8f8b-dfbaafbd4bdf,2020-06-19T13:18:29,,26
2020-06-19T11:41:23.213-05:00,2020-06-19T12:03:35.239-05:00,2020-06-18,Sí,2020-06-19,Relacionamiento,,,"En el equipo de United Way Colombia por lo general siempre se están ""apagando incendios"" a veces con la mejor actitud, a veces un poco desmotivados. Siempre pensando en que se puede contar con el mejor equipo, con el que se encuentra un apoyo laboral y personal. Así mismo, el trabajar en United Way Colombia y saber que de una u otra manera ese trabajo contribuye a que un niño tenga la posibilidad de cambiar su historia, pensar diferente y tener mejores oportunidades, hace que seas feliz y siempre des lo mejor de ti.",#EmbaladosyFelices,Sentido de pertenencia,Todo el tiempo,La forma como están organizadas las rutinas diarias. Los momentos de evaluación y realimentación de los equipos. El desempeño de los colaboradores y los equipos de trabajo. La calidad de las interacciones entre los colaboradores. El trabajo colaborativo entre el equipo y/o entre áreas.,0,1,0,1,1,0,1,0,1,Compañeros de trabajo,,Fui muy honesto y conté lo que me pasó, Habilidades comunicativas. Habilidades socioemocionales.,0,0,0,0,0,0,0,0,0,0,1,1,0,0,0,Trabajo Colaborativo. Comunicación. Pensamiento Crítico. Resolución de problemas. Manejo de la Información. Creatividad e Innovación. Vida y Carrera.,1,1,1,1,0,1,1,1,0,Potenciar el desarrollo del equipo y la organización,,105502444,064c84d1-e69b-477b-aa10-f3b0673ce683,2020-06-19T17:03:34,,27
2020-06-19T12:21:05.452-05:00,2020-06-19T12:41:29.239-05:00,2020-06-18,Sí,2020-06-19,Impacto,,,"Llevo 6 años en la Fundación, la cual me ha permitido participar en diferentes etapas y cambios por los que ha pasado la organización, llenos de aprendizajes enriquecedores, conociendo grandes personas las cuales muchas de ellas ya no esta en la organización pero me dejaron gratos recuerdos. Estar trabajando en la Fundación me hace sentir orgullosa, ser sensible a las situaciones y todo esto he ha hecho crecer personal y profesionalmente.",El sentir de estos 6 años,Alegría,Todo el tiempo,La calidad de las interacciones entre los colaboradores.,0,0,0,0,0,0,1,0,0,Compañeros de trabajo,,Fui muy honesto y conté lo que me pasó, Habilidades comunicativas. Habilidades socioemocionales.,0,0,0,0,0,0,0,0,0,0,1,1,0,0,0,Trabajo Colaborativo. Vida y Carrera.,1,0,0,0,0,0,0,1,0,Potenciar el desarrollo del equipo y la organización,,105508375,a9e067a8-b7b1-4207-a9a0-52e167acb66f,2020-06-19T17:41:30,,28
2020-06-19T16:16:04.997-05:00,2020-06-19T16:22:15.049-05:00,2020-06-18,Sí,2020-06-19,Impacto,,,"El aprendizaje y el nuevo rol que asumí este año y que la organización me permitió conocer, ha hecho parte de un aprender a diario, cometer errores y asumirlos pero también crecer como una oportunidad personal, de permitirte trazarte metas a corto y mediano plazo, conocer personas maravillosas que hacen parte de tu camino pero que te aportan para el crecimiento continuo.",#iresyveniresdelaprendizaje,Motivación,Todo el tiempo,El desempeño de los colaboradores y los equipos de trabajo. La documentación de procesos referentes al cumplimiento del cargo. El trabajo colaborativo entre el equipo y/o entre áreas.,0,0,0,0,1,0,0,1,1,Compañeros de trabajo,,Fui muy honesto y conté lo que me pasó,Habilidades artísticas.  Habilidades comunicativas. Habilidades socioemocionales.,0,0,0,0,0,0,0,0,0,1,1,1,0,0,0,Trabajo Colaborativo. Pensamiento Crítico. Manejo de herramientas tecnológicas.,1,0,1,0,1,0,0,0,0,Fortalecerme como colaborador,,105532402,b1262629-b010-4ca1-a160-f2fc5b8d84f8,2020-06-19T21:22:14,,29
2020-06-22T15:57:58.259-05:00,2020-06-22T16:09:01.336-05:00,2020-06-21,Sí,2020-06-19,Financiera y Operativa,,,"Creo que el tema de la virtualidad nos ha retado a todos y nos ha permitido enriquecer nuestras formas de trabajo. Aún nos falta organizar muchos procedimientos, pero considero que hemos empezado y que ya estamos avanzando en eso. Este año no solo hemos trabajado a distancia, también nos hemos unificado entre áreas (claro falta) pero el avance es tan impresionante que me tiene feliz. Los retos que existen inmediatos y a mediano plazo nos deben tener activos y alerta para que entre todos podamos perfeccionar nuestras actividades y se vea reflejado en el directamente en la oferta que tenemos y el aumento de donantes.",#AñodeRetosyCambios,Sentido de pertenencia,Todo el tiempo,La apropiación y uso de herramientas tecnológicas para atender tu trabajo. Los momentos de evaluación y realimentación de los equipos. El trabajo colaborativo entre el equipo y/o entre áreas.,1,0,0,1,0,0,0,0,1,Compañeros de trabajo,,Fui muy honesto y conté lo que me pasó,Habilidades socioemocionales. Habilidades tecnológicas.,0,0,0,0,0,0,0,0,0,0,0,1,1,0,0,Pensamiento Crítico. Manejo de herramientas tecnológicas. Manejo de la Información. Creatividad e Innovación.,0,0,1,0,1,1,1,0,0,Fortalecerme como colaborador,,105998427,d481f7ec-560e-4aeb-91c9-887cce72054a,2020-06-22T21:09:02,,30
2020-06-23T15:04:21.477-05:00,2020-06-23T15:25:49.038-05:00,2020-06-22,Sí,2020-06-23,Relacionamiento,,,"El año pasado tuve la oportunidad de realizar una pasantía en un UW que me enseñó muchas cosas de la cultura de esta organización y la forma como se relaciona. Llegué un enero frío a Pensilvania a una casa familiar en las afueras de GLV donde tuve la oportunidad de vivir con una numerosa familia. En el equipo de UW pudé participar de varios eventos durante la primavera que me ayudaron a comprender la importancia del individual Engagement. Cuando regresé a Colombia tenía la maleta llena de experiencias e ideas para implementar en UW Colombia y que estaba convencida que eran aplicables y que nos iban a permitir avanzar más rápido desde el impacto y desde el relacionamiento con empresas y donantes, sin embargo mis compañeros esto no fue tan relavante como yo esperaba para ser implementado a nivel nacional, fue así como poco a poco fui retomando mi rol e implementando esos sueños que traje de esta gran experiencia, solo al nivel de lo que estaba bajo mis posibilidades. Hoy puedo ver como después de más de 15 meses de esta vivencia se empiezan a apropiar muchos de esos sueños que tenía para la Fundación y me complace hacer parte del equipo que esta escribiendo esta historia. l",#ysiaprendemosque?,Sentido de pertenencia,De vez en cuando,"La forma como están organizadas las rutinas diarias. La vinculación y el relacionamiento de socios, empresas o entidades territoriales. El trabajo colaborativo entre el equipo y/o entre áreas.",0,1,1,0,0,0,0,0,1,Compañeros de trabajo,,Fui muy honesto y conté lo que me pasó, Habilidades comunicativas. Habilidades socioemocionales.,0,0,0,0,0,0,0,0,0,0,1,1,0,0,0,Trabajo Colaborativo. Comunicación. Pensamiento Crítico. Sostenibilidad.,1,1,1,0,0,0,0,0,1,"Ser propositivo, generando nuevas ideas que contribuyan con la visión de la organización",,106215521,bcc13191-6d3f-4661-bbdd-61975464e081,2020-06-23T20:25:50,,31
2020-06-23T15:23:50.256-05:00,2020-06-23T16:11:28.140-05:00,2020-06-22,Sí,2020-06-23,Financiera y Operativa,,,"Estar expuesto a una transicion, siendo parte de un equipo nuevo, adquiriendo nuevo conocimiento, enfrentando y sintiendo diferentes emociones y aprendiendo cosas nuevas como resultado de la fusion",#unmundodesconocido,Motivación,Todo el tiempo,El desempeño de los colaboradores y los equipos de trabajo. La calidad de las interacciones entre los colaboradores. El trabajo colaborativo entre el equipo y/o entre áreas.,0,0,0,0,1,0,1,0,1,Compañeros de trabajo,,Fui muy honesto y conté lo que me pasó, Habilidades comunicativas. Habilidades socioemocionales. Habilidades tecnológicas.,0,0,0,0,0,0,0,0,0,0,1,1,1,0,0,Trabajo Colaborativo. Comunicación. Resolución de problemas.,1,1,0,1,0,0,0,0,0,Solucionar la situación poniendo en práctica mis conocimientos profesionales y personales,,106220813,1e6a1706-2d7b-4f82-94ce-6014bfe9c456,2020-06-23T21:11:28,,32
2020-06-23T16:26:47.030-05:00,2020-06-23T16:30:03.847-05:00,2020-06-22,Sí,2020-06-18,Impacto,,,"El bono se prometió, no se cumplió y nunca se ha sido honesto o transparente al respecto. Sabemos que hay dificultades económicas para la fundación, pero decir qué ha pasado con esa promesa adquirida haría bastante bien.",#NoTransparencia,Rabia ,De vez en cuando,El desempeño de los colaboradores y los equipos de trabajo. La calidad de las interacciones entre los colaboradores. La documentación de procesos referentes al cumplimiento del cargo. El trabajo colaborativo entre el equipo y/o entre áreas.,0,0,0,0,1,0,1,1,1,Directivos,,Fui muy honesto y conté lo que me pasó, Habilidades comunicativas. Habilidades tecnológicas. Ninguna de las anteriores.,0,0,0,0,0,0,0,0,0,0,1,0,1,0,1,Pensamiento Crítico.,0,0,1,0,0,0,0,0,0,"Ser propositivo, generando nuevas ideas que contribuyan con la visión de la organización",,106222733,f0918fdc-7adb-4c58-ae19-cd6768fc9f14,2020-06-23T21:30:04,,33
2020-06-24T10:02:45.814-05:00,2020-06-24T10:57:31.409-05:00,2020-06-23,Sí,2020-06-24,Impacto,,,"En el último encuentro presencial, tuve la oportunidad de escuchar a Jaime Humberto López quien definió de una forma tan especial lo que era la filantropía y concluí que mi misión en la Fundación era cambiar el mundo de muchos niños y jóvenes por medio de mis acciones y esfuerzo y lo mejor es que me pagan por eso!!! Claro está que es en compañía de seres humanos tan especiales como son el equipo que me rodea.",#filantropia,Motivación,Todo el tiempo,"La vinculación y el relacionamiento de socios, empresas o entidades territoriales. El desempeño de los colaboradores y los equipos de trabajo. La calidad de las interacciones entre los colaboradores. El trabajo colaborativo entre el equipo y/o entre áreas.",0,0,1,0,1,0,1,0,1,Otro,Soy yo,Fui muy honesto y conté lo que me pasó, Habilidades comunicativas. Habilidades socioemocionales.,0,0,0,0,0,0,0,0,0,0,1,1,0,0,0,Trabajo Colaborativo. Comunicación. Pensamiento Crítico. Resolución de problemas. Manejo de herramientas tecnológicas. Manejo de la Información. Creatividad e Innovación. Vida y Carrera. Sostenibilidad.,1,1,1,1,1,1,1,1,1,Solucionar la situación poniendo en práctica mis conocimientos profesionales y personales,,106393792,fd331c86-d852-4a9d-bb6c-8762933fba08,2020-06-24T15:57:32,,34
2020-06-25T16:52:16.883-05:00,2020-06-25T17:20:10.461-05:00,2020-06-24,Sí,2020-06-25,Impacto,,,Hago parte de un equipo de trabajo en el que quisiera sentirme mas integrado y en el que mis compañeros me ofertaran mas oportunidades de aprendizaje y participación. Por otra parte considero que podria aportar en otras tematicas mas acordes a mi perfil y experiencia pero no me encuentro en la posición para hacerlo.,#buscado oportunidades para aportar y crecer,Motivación,De vez en cuando,El desempeño de los colaboradores y los equipos de trabajo. La calidad de las interacciones entre los colaboradores. El trabajo colaborativo entre el equipo y/o entre áreas.,0,0,0,0,1,0,1,0,1,Compañeros de trabajo,,Fui muy honesto y conté lo que me pasó, Habilidades comunicativas.,0,0,0,0,0,0,0,0,0,0,1,0,0,0,0,Trabajo Colaborativo. Comunicación. Resolución de problemas. Vida y Carrera.,1,1,0,1,0,0,0,1,0,Solucionar la situación poniendo en práctica mis conocimientos profesionales y personales,,106683881,2b4eab8d-4d6a-4360-a516-4e9e67d6275b,2020-06-25T22:20:12,,35
