start,end,today,Consentimiento Informado,FECHA DE DILIGENCIAMIENTO,Departamento,informacion,CENTRO_EDUCATIVO,texto,hashtag,genera,frecuencia,relaciona_historia,La apropiación y uso de herramientas tecnológicas ,La forma como están organizadas las rutinas diarias,La vinculación de las familias a las propuestas del centro infantil,Los momentos de alimentación de las niñas y los niños,El desempeño de los agentes educativos y sus prácticas,La disposición intencionada de los espacios y ambientes,La calidad de las interacciones entre los actores,El acompañamiento a las transiciones de las niñas y los niños,La documentación de las experiencias realizadas en el centro infantil,El trabajo colaborativo entre los agentes educativos ,acto_principal,Otro,sentiste,habilidades,Habilidades artística,Habilidades comunicativas,Habilidades socioemocionales,Habilidades manuales,Habilidades socio-ambientales,Ninguna de las anteriores,competencias,Trabajo Colaborativo,Comunicación,Pensamiento Crítico,Resolución de problemas,Manejo de herramientas tecnológicas,Manejo de la información,Creatividad e Innovación,Vida y Carrera,rol,CONSENTIMIENTO,_id,_uuid,_submission_time,_validation_status,_index
2020-06-20T17:37:54.430-05:00,2020-06-20T20:00:58.734-05:00,2020-06-19,Sí,2020-06-20,Santander,,CENTRO DE DESARROLLO INFANTIL MI MUNDO MAGICO,"Emily era una niña diagnosticada con hidrocefalia vivia con sus padres y hermanos, un dia la madre se acerco al CDI a pedir un cupo debido a que en el sector todas las programas de  las madres comunitarias se lo habian negado, Emily ingreso al CDI y junto con el equipo del talento humano se lograron muchos avances en su desarroll. aprendio a colorear, a expresar sus sentimientos y emociones; empezo a caminar fue muy satisfactorio ver tantos avances en ella y poder hacer parte de esta gran experiencia significativa",Emily aprende a compartir,Orgullo,De vez en cuando,Aprendizaje y crecimiento.,0,0,1,0,0,0,0,0,0,Niños/niñas,,Fui muy honesto y conté lo que me pasó,"Habilidades artísticas: bailar, cantar, actuar/representar, dibujar/pintar, tocar instrumentos, modelar, jugar. Habilidades comunicativas: contar historias, argumentar, conversar, exponer ideas, escribir textos, leer y comprender. Habilidades socioemocionales:  meditar, acompañar y guiar, sentido del humor, incentivar y motivar, compartir y ser solidario, auto-regulación. Habilidades socio-ambientales: cuidado de sí mismo, de otros y de la naturaleza.",1,1,1,0,1,0,Trabajo Colaborativo. Pensamiento Crítico. Creatividad e Innovación.,1,0,1,0,0,0,1,0,Potenciar el desarrollo de los niños y las niñas.,,,105668760,2169c4b5-2828-4f89-b970-fb5ab5fe562b,2020-06-21T01:01:00,,1
2020-06-18T18:09:35.644-05:00,2020-06-18T18:29:29.662-05:00,2020-06-17,Sí,2020-06-18,Santander,,FUNDACION COLOMBO ALEMANA VOLVER A SONREIR,"EL CASO DE UNA MAMITA QUE TENIA CANCER DE GARGANTA Y LOS MEDICOS LE DABAN POCA ESPERANZA DE VIDA, UN DIA ME TRASLADE A LA CASA DE LA FAMILIA A REALIZAR EL ENCUENTRO EN EL HOGAR Y LA SEÑORA NO QUERIA SALIR A ATENDERME INSISTI HASTA QUE SALIO, LA VI RARA Y LE PREGUNTE QUE LE PASABA Y ME DIJO QUE NADA,BUENO SEGUIMOS CON EL TEMA DEL ENCUENTRO ELLA SE TRANQULIZO NOS LLEVAMOS CASI UNA HORA HABLANDO Y ME MANIFESTO QUE EL MEDICO NO LE DABA BUENAS ESPERANZA DE VIDA, LE DIJE QUE EL NO ERA DIOS QUE SOLO EL SABIA QUE CONTINUARA CON EL TRATAMIENTO CON MUCHA FE QUE ELLA SE IBA A SANAR, Y OTRAS COSAS QUE DIALOGAMOS CUNDO ME DESPEDI ME DIO UN ABRAZO Y ME DIJO QUE MUCHAS GRACIAS POR HABERLA VISITADO PORQUE ELLA EN ESE MOMENTO IBA A MATAR AL NIÑO Y MATARSE ELLA.....ELLA SIGUIO EL TRATAMIENTO Y SE SANO DE ESE CANCER HACE 5 AÑOS Y HOY DIA ME AGRADECE MUCHO POR LO QUE LA PUDE AYUDAR ESTA BIEN EN SU HOGAR CON SU ESPOSO Y EL NIÑO YA ESTA EN LA ESCUELA.",VISITA OPORTUNA,Alegría,Única vez,La comunidad y las relaciones.,1,0,0,0,0,0,0,0,0,Familias y otras personas significativas,,Fui muy honesto y conté lo que me pasó,"Habilidades socioemocionales:  meditar, acompañar y guiar, sentido del humor, incentivar y motivar, compartir y ser solidario, auto-regulación.",0,0,1,0,0,0,Manejo de la Información y Comunicación.,0,0,0,0,0,1,0,0,Solucionar la situación poniendo en práctica mis conocimientos profesionales y personales.,,,105358466,a874bc45-9ce8-4c25-a893-0e022facb7d6,2020-06-18T23:29:32,,2
2020-06-17T20:17:10.798-05:00,2020-06-17T20:47:57.137-05:00,2020-06-16,Sí,2020-06-17,Santander,,CDI SOÑAR Y SONREIR,"Mi experiencia fue con una niña llamada Sofia que era sordo muda, ella ingreso a terapias dos veces a la semana y con la ayuda de la profesora Sandra Archila le hablabamos por medio de señas y haciamos juegos con variedad de juguetes y de esta manera le fuimos enseñando diferentes formas de comunicación, duramos de 6 a 8 meses aproximadamente en este proceso en el cual la experiencia para mi fue muy significativa y emocionante, pues esta experiencia nos dejo una gran enseñanza para nuestras vidas.",MI PEQUEÑA SOFIA,Orgullo,De vez en cuando,Crecimiento personal y logros.,0,0,0,0,0,0,0,1,0,Niños/niñas,,Fui muy honesto y conté lo que me pasó,"Habilidades socioemocionales:  meditar, acompañar y guiar, sentido del humor, incentivar y motivar, compartir y ser solidario, auto-regulación.",0,0,1,0,0,0,Trabajo Colaborativo. Manejo de la Información y Comunicación. Creatividad e Innovación.,1,0,0,0,0,1,1,0,Solucionar la situación poniendo en práctica mis conocimientos profesionales y personales.,,,105152513,85b6c8b7-dffb-4f1a-880a-4f4fbd0cfe01,2020-06-18T01:47:57,,3
2020-06-17T23:25:37.757-05:00,2020-06-17T23:37:40.096-05:00,2020-06-16,Sí,2020-06-17,Santander,,FUNDACIÓN COLOMBO ALEMANA - CDI MUNDO DE SONRISAS,"Una experiencia impactante , la semana pasada una madre me informa que su hija fue herida por una bala.",¿Comó ayudar a Mariana?,Impotencia ,De vez en cuando,La comunidad y las relaciones. La filosofía de la institución. Aprendizaje y crecimiento.,1,1,1,0,0,0,0,0,0,Niños/niñas,,Fui muy honesto y conté lo que me pasó,"Habilidades artísticas: bailar, cantar, actuar/representar, dibujar/pintar, tocar instrumentos, modelar, jugar. Habilidades comunicativas: contar historias, argumentar, conversar, exponer ideas, escribir textos, leer y comprender. Habilidades socioemocionales:  meditar, acompañar y guiar, sentido del humor, incentivar y motivar, compartir y ser solidario, auto-regulación. Habilidades socio-ambientales: cuidado de sí mismo, de otros y de la naturaleza.",1,1,1,0,1,0,Trabajo Colaborativo. Pensamiento Crítico. Resolución de problemas. Manejo de herramientas tecnológicas. Manejo de la Información y Comunicación. Creatividad e Innovación.,1,0,1,1,1,1,1,0,Dar cumplimiento a los criterios de calidad de la educación inicial en el marco de la atención integral.,,,105166361,e846674d-a524-4dfc-868f-8b4606d7393c,2020-06-18T04:37:41,,4
2020-06-18T11:36:04.036-05:00,2020-06-18T11:43:57.273-05:00,2020-06-17,Sí,2020-06-18,Santander,,CDI SOÑAR Y SONREIR,"Mi primer experiencia o mas bien el primer año como docente, fue un poco dificil para mi, tuve inconvenientes con una madre de familia y me causo inconvenientes con la rectora, pero al finalizar año, fue muy gratificante, porque la misma rectora me felicito por todos los logros alcanzados con los niños, el amor que los niños me tuvieron, y la confianza que los padres me dieron fue tan maravilloso, yaq ue era mi primer año y siendo yo aun tan joven(20 años) hoy 6 años despues, voy a mi pueblo y me encuentro con esos alumnos y sus padres y me salidan con una brazo y me dicen que me recuerdan y extrañan mucho. Si que todo eso que vivi ese año me enseño a ser la persona y docente que soy hoy en dia, y que mi vocacion la logro con amor .",#vocacion&amor,Motivación,Todo el tiempo,Aprendizaje y crecimiento. Crecimiento personal y logros.,0,0,1,0,0,0,0,1,0,Niños/niñas,,Fui muy honesto y conté lo que me pasó,"Habilidades socioemocionales:  meditar, acompañar y guiar, sentido del humor, incentivar y motivar, compartir y ser solidario, auto-regulación.",0,0,1,0,0,0,Creatividad e Innovación.,0,0,0,0,0,0,1,0,Solucionar la situación poniendo en práctica mis conocimientos profesionales y personales.,,,105309399,3ff26990-4dd9-4374-8e9a-224369b4f7f9,2020-06-18T16:43:58,,5
2020-06-18T12:07:49.274-05:00,2020-06-18T12:12:17.996-05:00,2020-06-17,Sí,2020-06-17,Santander,,FUNDACIÓN COLOMBO ALEMANA VOLVER A SONREIR DIMF COROMORO,Disminución de casos de violencia intrafamiliar,#noalaviolenciadegenero,Motivación,Todo el tiempo,La comunidad y las relaciones. Los problemas como oportunidades.,1,0,0,1,0,0,0,0,0,Familias y otras personas significativas,,Fui muy honesto y conté lo que me pasó,"Habilidades comunicativas: contar historias, argumentar, conversar, exponer ideas, escribir textos, leer y comprender. Habilidades socioemocionales:  meditar, acompañar y guiar, sentido del humor, incentivar y motivar, compartir y ser solidario, auto-regulación.",0,1,1,0,0,0,Trabajo Colaborativo. Resolución de problemas.,1,0,0,1,0,0,0,0,Acompañar a las familias para que apoyen el desarrollo de sus hijos.,,,105314090,bc939f1d-cbb4-4cc6-8e2b-128f4cf3df67,2020-06-18T17:12:18,,6
2020-06-18T12:14:41.522-05:00,2020-06-18T12:23:36.322-05:00,2020-06-17,Sí,2020-06-18,Santander,,Fundación Colombo Alemana- CDI Mi mundo Mágico,"Como psicosocial del CDI me siento satisfecha por contribuir al fortalecimiento de entornos protectores en los hogares, promoviendo el buen trato y la no violencia durante el aislamiento. Se ha realizado la activación de rutas y se ha fortalecido el tema de autoestima en las mujeres. Un caso particular donde una mujer dejar atrás la relación de maltrato y está iniciando un nuevo futuro",#En casa no te contagies de la violencia,Motivación,De vez en cuando,La comunidad y las relaciones.,1,0,0,0,0,0,0,0,0,Familias y otras personas significativas,,Fui muy honesto y conté lo que me pasó,"Habilidades socioemocionales:  meditar, acompañar y guiar, sentido del humor, incentivar y motivar, compartir y ser solidario, auto-regulación.",0,0,1,0,0,0,Resolución de problemas.,0,0,0,1,0,0,0,0,Dar cumplimiento a los criterios de calidad de la educación inicial en el marco de la atención integral.,,,105316571,02a1add6-2691-456a-a485-560d8cae0732,2020-06-18T17:23:40,,7
2020-06-18T12:21:49.549-05:00,2020-06-18T12:26:53.103-05:00,2020-06-17,Sí,2020-06-18,Santander,,FUNDACION COLOMBO ALEMANA,CUANDO SE HACE EL ACOMPAÑAMIENTO TELEFONICO Y LOS NIÑOS PASAN AL TELEFONO SUPER HEMOCIONADO PARA HABLAR COMO MI PROFE Y CONTARLES LAS TAREAS LO HEMOSIONADOS DE SUS RESULTADOS,#YOAMOAMIPROFE,Alegría,Todo el tiempo,Premios y reconocimiento. Crecimiento personal y logros.,0,0,0,0,1,0,0,1,0,Niños/niñas,,Fui muy honesto y conté lo que me pasó,"Habilidades artísticas: bailar, cantar, actuar/representar, dibujar/pintar, tocar instrumentos, modelar, jugar. Habilidades comunicativas: contar historias, argumentar, conversar, exponer ideas, escribir textos, leer y comprender. Habilidades socioemocionales:  meditar, acompañar y guiar, sentido del humor, incentivar y motivar, compartir y ser solidario, auto-regulación. Habilidades manuales: tejer, sembrar, cocinar. Habilidades socio-ambientales: cuidado de sí mismo, de otros y de la naturaleza.",1,1,1,1,1,0,Trabajo Colaborativo. Resolución de problemas. Manejo de herramientas tecnológicas. Creatividad e Innovación.,1,0,0,1,1,0,1,0,Acompañar a las familias para que apoyen el desarrollo de sus hijos.,,,105317206,35db48d5-4314-4086-8102-ed916ceb0667,2020-06-18T17:26:54,,8
2020-06-18T12:27:56.875-05:00,2020-06-18T12:31:54.583-05:00,2020-06-17,Sí,2020-06-18,Santander,,Colombo alemana volver a sonreír,La actitud u gracias de los papás cuando cuando llegaban a los encuentros educación esto al llegar un poquito tarde  tarde decían buenas buenas noches en su risa y preocupación,Extraño las travesías,Impotencia ,De vez en cuando,La comunidad y las relaciones.,1,0,0,0,0,0,0,0,0,Niños/niñas,No,Fui muy honesto y conté lo que me pasó,"Habilidades artísticas: bailar, cantar, actuar/representar, dibujar/pintar, tocar instrumentos, modelar, jugar.",1,0,0,0,0,0,Manejo de la Información y Comunicación.,0,0,0,0,0,1,0,0,Acompañar a las familias para que apoyen el desarrollo de sus hijos.,,,105318377,9a68d452-a419-4c88-9bac-c9340676d8d3,2020-06-18T17:31:55,,9
2020-06-18T12:23:01.136-05:00,2020-06-18T12:35:08.659-05:00,2020-06-17,Sí,2020-06-18,Santander,,FUNDACIÓN COLOMBO ALEMANA VOLVER A SONREÍR,"Durante mi labor como apoyo psicosocial he realizado acompañamiento y seguimiento a un caso priorizado (manejo de emociones) con un infante, el cual hoy en día se ha percibido con éxito la implementación de las técnicas orientadas en el hogar, al igual que una mejora en el manejo y regulación de emociones tanto en el niño como en los demás miembros del hogar.",#AprendizajeFamiliar,Orgullo,De vez en cuando,Aprendizaje y crecimiento.,0,0,1,0,0,0,0,0,0,Niños/niñas,,Fui muy honesto y conté lo que me pasó,"Habilidades comunicativas: contar historias, argumentar, conversar, exponer ideas, escribir textos, leer y comprender. Habilidades socioemocionales:  meditar, acompañar y guiar, sentido del humor, incentivar y motivar, compartir y ser solidario, auto-regulación.",0,1,1,0,0,0,Trabajo Colaborativo. Manejo de la Información y Comunicación. Creatividad e Innovación.,1,0,0,0,0,1,1,0,Solucionar la situación poniendo en práctica mis conocimientos profesionales y personales.,,,105319317,4a03b8b8-c36e-47a5-a9be-f70450a1db82,2020-06-18T17:35:59,,10
2020-06-18T12:25:42.821-05:00,2020-06-18T12:43:51.397-05:00,2020-06-17,Sí,2020-06-18,Santander,,fundación  colombo alemana volver a sonreír,en la actualidad estoy  implementando las llamadas telefónicas con los padres de familia donde me he sentido muy contenta al ver como ellos expresan sus sentimientos y vivencias diarias en el hogar con los hijos y familiares ya que anteriormente no lograbamos saber que era lo que pasaba en el interior de un hogar eso me hace sentir muy positiva  en el momento de desempeñar mi labor como maestra de primera infancia,riendo y acompañando a nuestros padres e hijos,Orgullo,Todo el tiempo,La comunidad y las relaciones.,1,0,0,0,0,0,0,0,0,Familias y otras personas significativas,,Fui muy honesto y conté lo que me pasó,"Habilidades socioemocionales:  meditar, acompañar y guiar, sentido del humor, incentivar y motivar, compartir y ser solidario, auto-regulación.",0,0,1,0,0,0,Manejo de la Información y Comunicación.,0,0,0,0,0,1,0,0,Acompañar a las familias para que apoyen el desarrollo de sus hijos.,,,105321000,cbc800be-aae1-4d51-9a49-4370dabfe7c5,2020-06-18T17:43:57,,11
2020-06-18T12:27:52.574-05:00,2020-06-18T12:43:55.331-05:00,2020-06-17,Sí,2020-06-18,Santander,,FUNDACIÓN COLOMBO ALEMANA VOLVER A SONREIR,"En la actualidad estamos experimentando un nuevo proceso como agente educativa, que se basa en el acompañamiento telefónico brindado a los padres de familia, el cual me ha dejado muchas experiencias positivas, porque hemos podido conocer más sobre todas sus familias, sus necesidades, sus sentimientos.. Ya que anterior mente no teníamos la oportunidad de saber más a fondo todo las necesidades que viven cada familia.  Esto me hace muy feliz porque cada día carezco más como persona y como maestra en primera infancia.",comunicación asertiva con nuestros usuarios,Motivación,Todo el tiempo,La comunidad y las relaciones.,1,0,0,0,0,0,0,0,0,Familias y otras personas significativas,,Fui muy honesto y conté lo que me pasó,"Habilidades comunicativas: contar historias, argumentar, conversar, exponer ideas, escribir textos, leer y comprender. Habilidades socioemocionales:  meditar, acompañar y guiar, sentido del humor, incentivar y motivar, compartir y ser solidario, auto-regulación.",0,1,1,0,0,0,Manejo de la Información y Comunicación.,0,0,0,0,0,1,0,0,Acompañar a las familias para que apoyen el desarrollo de sus hijos.,,,105321008,ecd96f65-9a12-4bb6-b1b3-03e688ab0105,2020-06-18T17:43:58,,12
2020-06-18T12:57:06.876-05:00,2020-06-18T13:05:59.380-05:00,2020-06-17,Sí,2020-06-18,Santander,,fundación colombo alemana volver a sonrreír,"El año pasado trabajando nuevamente después de tantos años sin trabajar con los niños, Tuve a cargo un grupo de prejardin niños de 3 años a 4 estando con ellos y compartiendo me encariñe mucho con una niña llamada saray la cual quiero mucho aun, Pero este año ella no esta en el cdi ya que la madre decidio enviarla a colegio, Lo que me ha dado mucha tristeza",Un lindo recuerdo,Tristeza,Única vez,Aprendizaje y crecimiento.,0,0,1,0,0,0,0,0,0,Niños/niñas,,Fui muy honesto y conté lo que me pasó,"Habilidades socioemocionales:  meditar, acompañar y guiar, sentido del humor, incentivar y motivar, compartir y ser solidario, auto-regulación.",0,0,1,0,0,0,Trabajo Colaborativo.,1,0,0,0,0,0,0,0,Dar cumplimiento a los criterios de calidad de la educación inicial en el marco de la atención integral.,,,105324269,db0c6389-82cc-4ce6-b55d-367ba15c8657,2020-06-18T18:06:01,,13
2020-06-18T13:19:18.663-05:00,2020-06-18T13:25:31.410-05:00,2020-06-17,Sí,2020-06-18,Santander,,FUNDACION COLOMBOALEMANA VOLVER A SONREIR,"siento que soy una parte importante dentro del medio educativo, ya que puedo apoyar las familias de los niños a traves de charlas pedagogicas en las que se fortalezcan los vinculos afectivos de las familias, pues con eta situacion actual  de aislamiento social se han presentado muchas dificultades en medio de los hogares.",#tupuedes,Motivación,Todo el tiempo,La comunidad y las relaciones.,1,0,0,0,0,0,0,0,0,Familias y otras personas significativas,,Fui muy honesto y conté lo que me pasó,"Habilidades comunicativas: contar historias, argumentar, conversar, exponer ideas, escribir textos, leer y comprender. Habilidades socioemocionales:  meditar, acompañar y guiar, sentido del humor, incentivar y motivar, compartir y ser solidario, auto-regulación. Habilidades socio-ambientales: cuidado de sí mismo, de otros y de la naturaleza.",0,1,1,0,1,0,Trabajo Colaborativo. Resolución de problemas. Manejo de la Información y Comunicación. Vida y Carrera.,1,0,0,1,0,1,0,1,Solucionar la situación poniendo en práctica mis conocimientos profesionales y personales.,,,105327234,9fbb51e5-fda5-4b95-886e-6a12853d9883,2020-06-18T18:25:32,,14
2020-06-18T13:29:04.502-05:00,2020-06-18T13:34:11.134-05:00,2020-06-17,Sí,2020-06-18,Valle del Cauca,,PRUEBA,"Durante el proceso de aprendizaje con los estudiantes de grado tercero, hemos imlemntado un saludo especial todas las mañanas, cuando alguien llega tarde todos esperamos que nos salude de una manera original, así hemos mejorado la puntualidad.",#puntualidad,Motivación,De vez en cuando,Desarrollo general del estudiante.,0,0,0,0,0,0,1,0,0,Niños/niñas,,Me dio curiosidad e inventé la historia,"Habilidades socioemocionales:  meditar, acompañar y guiar, sentido del humor, incentivar y motivar, compartir y ser solidario, auto-regulación.",0,0,1,0,0,0,Resolución de problemas.,0,0,0,1,0,0,0,0,Solucionar la situación poniendo en práctica mis conocimientos profesionales y personales.,,,105328504,06ea991e-3815-4677-afca-64d0ae002249,2020-06-18T18:34:11,,15
2020-06-18T13:24:39.953-05:00,2020-06-18T13:34:14.189-05:00,2020-06-17,Sí,2020-06-18,Bogotá,,Prueba,"Durante una inmersión con estudiantes de grado décimo tuve una gran conexión, debido a las emociones que pudieron socializar en un compartir, donde se evidenciaron sentimientos de todo tipo.",#EmocionesExpresadas,Orgullo,Todo el tiempo,Aprendizaje y crecimiento. Desarrollo general del estudiante. Crecimiento personal y logros.,0,0,1,0,0,0,1,1,0,Niños/niñas,,Fui muy honesto y conté lo que me pasó,"Habilidades artísticas: bailar, cantar, actuar/representar, dibujar/pintar, tocar instrumentos, modelar, jugar. Habilidades socioemocionales:  meditar, acompañar y guiar, sentido del humor, incentivar y motivar, compartir y ser solidario, auto-regulación. Habilidades socio-ambientales: cuidado de sí mismo, de otros y de la naturaleza.",1,0,1,0,1,0,Trabajo Colaborativo. Creatividad e Innovación. Vida y Carrera.,1,0,0,0,0,0,1,1,Acompañar a las familias para que apoyen el desarrollo de sus hijos.,,,105328517,b650468c-d832-439d-8671-998a214dbc30,2020-06-18T18:34:14,,16
2020-06-18T13:22:16.734-05:00,2020-06-18T13:47:20.106-05:00,2020-06-17,Sí,2020-06-18,Santander,,cdi soñar y sonreir,"La verdad he tenido la mejor experiencia con los niños y niñas desde que soy maestra titular ya que era auxiliar, los niños son muy lindos se encariñan tanto de la maestra, un día yo estaba muy triste por que me había sucedió algo muy personal ellos observarón que su maestra tenía algo recuerdo mucho un niño se me acercó me dijo profe no estes tristes nosotros te amamos y nos vamos a comportar súper bien esas plabras llegaron a mi corazon fue una experiencia muy significativa, el ver que los niños y niñas sienten cuando una persona no esta bien emocionalmente",una experiencia única,Motivación,Única vez,Aprendizaje y crecimiento.,0,0,1,0,0,0,0,0,0,Niños/niñas,,Reflexioné y aprendí algo nuevo,"Habilidades comunicativas: contar historias, argumentar, conversar, exponer ideas, escribir textos, leer y comprender.",0,1,0,0,0,0,Vida y Carrera.,0,0,0,0,0,0,0,1,"Fortalecerme como agente educativo para alcanzar mis proyectos personales, familiares y profesionales.",,,105330282,35990e78-93e5-4db3-88a0-59c4c3b1270c,2020-06-18T18:47:19,,17
2020-06-18T14:54:32.514-05:00,2020-06-18T15:04:47.958-05:00,2020-06-17,Sí,2020-06-18,Santander,,soñar y sonreír prueba,durante la ultima semana los alumnos del grado de jardín no estaban motivados a realizar las actividades de acompañamiento en la cual se me ocurrio una idea para motivarlo y fue hacer video llamadas para que se volvieran a ver entre ellos.,#VolverAvernos,Alegría,Única vez,Aprendizaje y crecimiento.,0,0,1,0,0,0,0,0,0,Niños/niñas,,Fui muy honesto y conté lo que me pasó,"Habilidades comunicativas: contar historias, argumentar, conversar, exponer ideas, escribir textos, leer y comprender. Habilidades socioemocionales:  meditar, acompañar y guiar, sentido del humor, incentivar y motivar, compartir y ser solidario, auto-regulación.",0,1,1,0,0,0,Trabajo Colaborativo. Resolución de problemas. Creatividad e Innovación.,1,0,0,1,0,0,1,0,Acompañar a las familias para que apoyen el desarrollo de sus hijos.,,,105341485,6435e471-937a-4105-8315-a866532c5f33,2020-06-18T20:04:47,,18
2020-06-18T14:58:16.764-05:00,2020-06-18T15:05:19.937-05:00,2020-06-17,Sí,2020-06-18,Santander,,fundacion colombo alemana.,Por la emergencia sanitaria  el  cambio de vida fue dificil trabajamos rural que muchos de ellos no sabian muy  bien el uso celular hoy en dia es nuestro medio de communnicacion para la realizacion de las actividades programa,#nuestrocambiodevida,Motivación,Todo el tiempo,La comunidad y las relaciones.,1,0,0,0,0,0,0,0,0,Familias y otras personas significativas,las familias que  nos rodean,Fui muy honesto y conté lo que me pasó,"Habilidades socioemocionales:  meditar, acompañar y guiar, sentido del humor, incentivar y motivar, compartir y ser solidario, auto-regulación.",0,0,1,0,0,0,Manejo de herramientas tecnológicas.,0,0,0,0,1,0,0,0,Acompañar a las familias para que apoyen el desarrollo de sus hijos.,,,105341531,ccb39147-466d-4755-8467-6eab171d4d0a,2020-06-18T20:05:17,,19
2020-06-18T14:49:58.337-05:00,2020-06-18T15:06:00.197-05:00,2020-06-17,Sí,2020-06-18,Santander,,FUNDACION COLOMBO ALEMANA VOLVER A SONREIR,"durante estas semanas de trabajo, donde  la comunicación con nuestras familias es telefonica me e sentido mas cercana  a ellas ya que de esta manera comparten mas sus situaciones familiares,  se habren mas a contarnos su cotidianidad, es algo ironico por que con el distaciamiento social estamos mas cerca  a ellas",#juntosencuarentena,Orgullo,Todo el tiempo,Los problemas como oportunidades.,0,0,0,1,0,0,0,0,0,Familias y otras personas significativas,,Fui muy honesto y conté lo que me pasó,"Habilidades socioemocionales:  meditar, acompañar y guiar, sentido del humor, incentivar y motivar, compartir y ser solidario, auto-regulación.",0,0,1,0,0,0,Trabajo Colaborativo.,1,0,0,0,0,0,0,0,Acompañar a las familias para que apoyen el desarrollo de sus hijos.,,,105341565,b849fcd4-28c6-47d2-ac98-529b06bcf272,2020-06-18T20:05:32,,20
2020-06-18T14:47:51.924-05:00,2020-06-18T15:06:30.349-05:00,2020-06-17,Sí,2020-06-18,Santander,,UNITED WAY PRUEBA,"Durante la última semana , con mis estudiantes de segundo semestre hemos iniciado un saludo particular  los dias martes, esta actividad consite en decir lo positivo que vemos en algún compañero, ha sido muy interesante conocer las respuestas y el efecto de integración que ha tenido en el todo el grupo.",#LasCosasBuenas,Motivación,De vez en cuando,Aprendizaje y crecimiento.,0,0,1,0,0,0,0,0,0,Niños/niñas,,Me dio curiosidad e inventé la historia,"Habilidades socioemocionales:  meditar, acompañar y guiar, sentido del humor, incentivar y motivar, compartir y ser solidario, auto-regulación.",0,0,1,0,0,0,Manejo de la Información y Comunicación.,0,0,0,0,0,1,0,0,Potenciar el desarrollo de los niños y las niñas.,,,105341658,30c8379f-b97d-46be-89ac-5adc1c2e2d67,2020-06-18T20:06:29,,21
2020-06-18T14:59:19.595-05:00,2020-06-18T15:06:31.126-05:00,2020-06-17,Sí,2020-06-18,Santander,,Fundación Colombo Alemana Volver a Sonreír,Durante este confinamiento hemos trabajado con mis beneficiarios la cartilla Mis manos te enseñan diseñada por el ICBF donde vienen mucho retos y deliciosas recetas.,# mis cosas buenas,Motivación,Todo el tiempo,La comunidad y las relaciones. Aprendizaje y crecimiento.,1,0,1,0,0,0,0,0,0,Familias y otras personas significativas,,Fui muy honesto y conté lo que me pasó,"Habilidades socioemocionales:  meditar, acompañar y guiar, sentido del humor, incentivar y motivar, compartir y ser solidario, auto-regulación.",0,0,1,0,0,0,Trabajo Colaborativo.,1,0,0,0,0,0,0,0,Acompañar a las familias para que apoyen el desarrollo de sus hijos.,,,105341667,c081317a-814a-4c6d-91a5-fea52300df40,2020-06-18T20:06:33,,22
2020-06-18T14:54:31.271-05:00,2020-06-18T15:06:38.888-05:00,2020-06-17,Sí,2020-06-18,Santander,,"FUNDACIÓN COLOMBO ALEMANA, volver a sonreír","En el aula de clase hace dos años,  un alumno con una necesidad educativa especial, empezó a llamarme porque no estaba a su lado, fue muy emocionante, ya que me queria enseñar un logro que habia  alcanzado.",#carlitos,Alegría,Todo el tiempo,Aprendizaje y crecimiento. Crecimiento personal y logros.,0,0,1,0,0,0,0,1,0,Niños/niñas,,Fui muy honesto y conté lo que me pasó,"Habilidades socioemocionales:  meditar, acompañar y guiar, sentido del humor, incentivar y motivar, compartir y ser solidario, auto-regulación.",0,0,1,0,0,0,Trabajo Colaborativo.,1,0,0,0,0,0,0,0,Potenciar el desarrollo de los niños y las niñas.,,,105341691,639bc05e-bcba-4c94-b6cf-ebe3dbda3247,2020-06-18T20:06:42,,23
2020-06-18T14:57:34.141-05:00,2020-06-18T15:06:41.908-05:00,2020-06-17,Sí,2020-06-18,Santander,,Fundación colomboalemana,"Cuando se empezó a trabajar fue en un kiosco y la llegada era a las 8 de la mañana, de 15 usuarias llegaron 2 solamente, las otras se equivocaron y llegaron fue a otro lado. quedé muy sorprendida porque no llegaban y solo se realizó el encuentro con esas 2 personas . Después se escribió por el grupo que porque no habían llegado al encuentro y las otras mamitas respondieron que estaban en el otro lado al final ya solo llegaron a firmar asistencia.",#eldespistedelasmamitas,Alegría,De vez en cuando,La comunidad y las relaciones.,1,0,0,0,0,0,0,0,0,Familias y otras personas significativas,,Fui muy honesto y conté lo que me pasó,"Habilidades socioemocionales:  meditar, acompañar y guiar, sentido del humor, incentivar y motivar, compartir y ser solidario, auto-regulación.",0,0,1,0,0,0,Manejo de la Información y Comunicación.,0,0,0,0,0,1,0,0,Solucionar la situación poniendo en práctica mis conocimientos profesionales y personales.,,,105341694,071f21b0-e845-4c78-965a-a751c660bc86,2020-06-18T20:06:43,,24
2020-06-18T15:02:19.707-05:00,2020-06-18T15:07:22.299-05:00,2020-06-17,Sí,2020-06-18,Santander,,LUZ ANDREA NAVARRO NIÑO,"Buenas tardes , este año había postulado mi hoja de vida para coordinadora, debido a la pandemia creí que esa posibilidad era remota  ,gracias a Dios  se dieron las cosa y apartir del 21 de abril del presente año estoy en este cargo.",OBRAS DE FE,Motivación,Única vez,Crecimiento personal y logros.,0,0,0,0,0,0,0,1,0,Otro,MI TRABAJO COMO MAESTRA,Fui muy honesto y conté lo que me pasó,"Habilidades comunicativas: contar historias, argumentar, conversar, exponer ideas, escribir textos, leer y comprender. Habilidades socioemocionales:  meditar, acompañar y guiar, sentido del humor, incentivar y motivar, compartir y ser solidario, auto-regulación.",0,1,1,0,0,0,Trabajo Colaborativo. Resolución de problemas. Manejo de herramientas tecnológicas. Manejo de la Información y Comunicación. Creatividad e Innovación.,1,0,0,1,1,1,1,0,"Fortalecerme como agente educativo para alcanzar mis proyectos personales, familiares y profesionales.",,,105341766,c7cf4f2b-39cf-420d-b6f1-d79e2f6dea50,2020-06-18T20:07:15,,25
2020-06-18T14:58:33.786-05:00,2020-06-18T15:07:29.467-05:00,2020-06-17,Sí,2020-06-18,Santander,,Fundación Colombo Alemana Volver a Sonreir,Hace unos dias tuve la oportunidad de compartir con las familias me dio curiosidad el echo de como una mamita por medio dej juego le enseñaba a su hijo la importancia del tapabocas.,#lamejormadre,Orgullo,Única vez,Los problemas como oportunidades.,0,0,0,1,0,0,0,0,0,Familias y otras personas significativas,,Fui muy honesto y conté lo que me pasó,"Habilidades socioemocionales:  meditar, acompañar y guiar, sentido del humor, incentivar y motivar, compartir y ser solidario, auto-regulación.",0,0,1,0,0,0,Trabajo Colaborativo.,1,0,0,0,0,0,0,0,Acompañar a las familias para que apoyen el desarrollo de sus hijos.,,,105341807,cbcd0add-3074-4d8d-bbe3-884404e55321,2020-06-18T20:07:32,,26
2020-06-18T14:56:46.292-05:00,2020-06-18T15:09:31.186-05:00,2020-06-17,No,2020-06-18,Santander,,Fundación Colombo Alemana Volver a Sonreír,"El año pasado ingreso a párvulos un niño de 20 meses, fue muy interesante ver el avance en su proceso de desarrollo ya que al final de año el niño hablaba, tenia control de esfinteres",#autonomía,Alegría,Todo el tiempo,Autonomía y soporte. Desarrollo general del estudiante. Crecimiento personal y logros.,0,0,0,0,0,1,1,1,0,Niños/niñas,,Fui muy honesto y conté lo que me pasó,"Habilidades artísticas: bailar, cantar, actuar/representar, dibujar/pintar, tocar instrumentos, modelar, jugar. Habilidades socioemocionales:  meditar, acompañar y guiar, sentido del humor, incentivar y motivar, compartir y ser solidario, auto-regulación.",1,0,1,0,0,0,Trabajo Colaborativo. Resolución de problemas. Manejo de herramientas tecnológicas. Manejo de la Información y Comunicación.,1,0,0,1,1,1,0,0,Potenciar el desarrollo de los niños y las niñas.,,,105342013,b8fbe7b8-74f6-40a8-9897-9c5c109ab93a,2020-06-18T20:09:33,,27
2020-06-18T14:56:32.664-05:00,2020-06-18T15:09:35.695-05:00,2020-06-17,Sí,2020-06-18,Santander,,fundaciÓN colombo Alemana,"hace una semana tuve comunicación telefónica con unos de mis niños del programa, donde el niño me preguntaba profe.... cuando vienes a contarme cuentos y a jugar con nosotros. también me decía y contaba  las actividades que estaba realizando a diario en su casa junto con su mamita.",extrañando los niños,Motivación,De vez en cuando,La comunidad y las relaciones.,1,0,0,0,0,0,0,0,0,Niños/niñas,,Fui muy honesto y conté lo que me pasó,"Habilidades socioemocionales:  meditar, acompañar y guiar, sentido del humor, incentivar y motivar, compartir y ser solidario, auto-regulación.",0,0,1,0,0,0,Trabajo Colaborativo. Creatividad e Innovación.,1,0,0,0,0,0,1,0,Acompañar a las familias para que apoyen el desarrollo de sus hijos.,,,105342030,b07b1a7d-c262-4c63-9cad-08d52cf6764f,2020-06-18T20:09:42,,28
2020-06-18T14:59:38.529-05:00,2020-06-18T15:09:35.304-05:00,2020-06-17,Sí,2020-06-18,Santander,,fundación colombo alemana,"la situación significativa y positiva es cuando entregamos los rpp en el centro educativo  y tambien  cuando los padre de familia  llevan las actividades pedagógicas con alegría, entusiasmo y sobretodo con la actitud positiva con la que llegan al CDI me siento orgullosa de mi rol y trabajo. le doy gracias a dIOS POR PERMITIR VIVIR ESTA EXPERIENCIA TAN BELLA Y HERMOSA.",# AMO MI LABOR,Motivación,Todo el tiempo,La comunidad y las relaciones.,1,0,0,0,0,0,0,0,0,Familias y otras personas significativas,,Fui muy honesto y conté lo que me pasó,"Habilidades artísticas: bailar, cantar, actuar/representar, dibujar/pintar, tocar instrumentos, modelar, jugar.",1,0,0,0,0,0,Trabajo Colaborativo.,1,0,0,0,0,0,0,0,Acompañar a las familias para que apoyen el desarrollo de sus hijos.,,,105342035,156e7e1e-4488-4bc7-a16b-d475be4a7d67,2020-06-18T20:09:45,,29
2020-06-18T14:59:56.897-05:00,2020-06-18T15:11:20.376-05:00,2020-06-17,Sí,2020-06-18,Santander,,LUDY SLENDY BERDUGO CARDENAS,"Los acompañamientos telefónicos los hacemos semanal hay algo muy significativo que marca mi experiencia y es la alegría con la que uno de mis niños atienden mi llamada, algo que me motiva es que la madre del menor contesta y le ice Breiner es la profe!!  El niño grita emocionado siiiii yo sabía que era para mí, hola profe ya hice todas mis tareas. Experiencia que me motiva para continuar preparándome para dar lo mejor en cada uno de estos momentos",#siiiesmiprofe,Motivación,Todo el tiempo,Premios y reconocimiento.,0,0,0,0,1,0,0,0,0,Niños/niñas,,Fui muy honesto y conté lo que me pasó,"Habilidades artísticas: bailar, cantar, actuar/representar, dibujar/pintar, tocar instrumentos, modelar, jugar. Habilidades comunicativas: contar historias, argumentar, conversar, exponer ideas, escribir textos, leer y comprender. Habilidades socioemocionales:  meditar, acompañar y guiar, sentido del humor, incentivar y motivar, compartir y ser solidario, auto-regulación. Habilidades manuales: tejer, sembrar, cocinar. Habilidades socio-ambientales: cuidado de sí mismo, de otros y de la naturaleza.",1,1,1,1,1,0,Trabajo Colaborativo. Manejo de herramientas tecnológicas.,1,0,0,0,1,0,0,0,Potenciar el desarrollo de los niños y las niñas.,,,105342172,84a41fe8-7abc-4581-9d84-49e26512dc6a,2020-06-18T20:11:22,,30
2020-06-18T15:02:45.005-05:00,2020-06-18T15:09:16.211-05:00,2020-06-17,Sí,2020-06-18,Santander,,FUNDACION COLOMBO ALEMANA-Charalá y Coromoro,"Cuándo ingrese a la empresa, al hacer contacto con los beneficiarios y las agentes educativas, fue muy significativo el ambiente de cooperación y empatía de las personas  con quienes debo laborar",#amandocadadíaloquehago,Motivación,De vez en cuando,La comunidad y las relaciones.,1,0,0,0,0,0,0,0,0,Familias y otras personas significativas,,Fui muy honesto y conté lo que me pasó,"Habilidades socioemocionales:  meditar, acompañar y guiar, sentido del humor, incentivar y motivar, compartir y ser solidario, auto-regulación.",0,0,1,0,0,0,Trabajo Colaborativo. Pensamiento Crítico. Resolución de problemas.,1,0,1,1,0,0,0,0,"Fortalecerme como agente educativo para alcanzar mis proyectos personales, familiares y profesionales.",,,105342305,afbd1d6e-d67d-46e4-a090-d13615c6f03a,2020-06-18T20:13:07,,31
2020-06-18T15:00:18.492-05:00,2020-06-18T15:13:18.387-05:00,2020-06-17,Sí,2020-06-18,Santander,,Fundación Colombo Alemana,"Un día nos encontrabamos en un encuentro con mi compañera de trabajo y las usuarias, realizabamos una actividad de colocar las huellas de las manos con vinilo, entonces se le pintaban las manos a los niños y se plasmaba en el cartel. Al momento en el que mi compañera alzó la niña para plasmar sus manos, está se desmayó, mi compañera me dio la niña y yo no sabía que hacer.",#UnaExperienciaMas,Tristeza,Única vez,Otro,0,0,0,0,0,0,0,0,1,Niños/niñas,,Fui muy honesto y conté lo que me pasó,"Habilidades socioemocionales:  meditar, acompañar y guiar, sentido del humor, incentivar y motivar, compartir y ser solidario, auto-regulación.",0,0,1,0,0,0,Resolución de problemas.,0,0,0,1,0,0,0,0,Solucionar la situación poniendo en práctica mis conocimientos profesionales y personales.,,,105342338,55b9972f-1353-4863-883b-aef3389accd2,2020-06-18T20:13:20,,32
2020-06-18T15:00:18.492-05:00,2020-06-18T15:13:26.645-05:00,2020-06-17,Sí,2020-06-18,Santander,,Fundación Colombo Alemana,"Un día nos encontrabamos en un encuentro con mi compañera de trabajo y las usuarias, realizabamos una actividad de colocar las huellas de las manos con vinilo, entonces se le pintaban las manos a los niños y se plasmaba en el cartel. Al momento en el que mi compañera alzó la niña para plasmar sus manos, está se desmayó, mi compañera me dio la niña y yo no sabía que hacer.",#UnaExperienciaMas,Tristeza,Única vez,Otro,0,0,0,0,0,0,0,0,1,Niños/niñas,,Fui muy honesto y conté lo que me pasó,"Habilidades socioemocionales:  meditar, acompañar y guiar, sentido del humor, incentivar y motivar, compartir y ser solidario, auto-regulación.",0,0,1,0,0,0,Resolución de problemas.,0,0,0,1,0,0,0,0,Solucionar la situación poniendo en práctica mis conocimientos profesionales y personales.,,,105342355,55b9972f-1353-4863-883b-aef3389accd2,2020-06-18T20:13:27,,33
2020-06-18T16:27:12.791-05:00,2020-06-18T17:11:19.253-05:00,2020-06-17,Sí,2020-06-18,Santander,,FUNDACION COLOMBO-ALEMANA,"Hace 15 años en mi hogar de bienestar tenia 12 niños a mi cuidado prontoun niño salio corriendo de alegria al llegary con ucha fuerza lanzo un columpio, y al regresarse le rompio la cabeza.no sabia que acer. la  , al alir                                                                                         to, un dia salimos de paseo a un parque infantil todo",mis recuerdos mas cariñosos.,Tranquilidad,Única vez,Aprendizaje y crecimiento.,0,0,1,0,0,0,0,0,0,Familias y otras personas significativas,,Fui muy honesto y conté lo que me pasó,"Habilidades comunicativas: contar historias, argumentar, conversar, exponer ideas, escribir textos, leer y comprender.",0,1,0,0,0,0,Manejo de la Información y Comunicación.,0,0,0,0,0,1,0,0,Solucionar la situación poniendo en práctica mis conocimientos profesionales y personales.,,,105353109,616bc569-371d-4e99-b0b8-ba071c516da1,2020-06-18T22:11:15,,34
2020-06-18T16:17:16.148-05:00,2020-06-18T17:19:30.104-05:00,2020-06-17,Sí,2020-06-18,Santander,,FUNDACION COLOMBO ALEMANA VOLVER A SONREIR,"UN DIA EN UN ENCUENTRO EDUCATIVO CON LAS FAMILIAS,NIÑOS Y CON MI COMPAÑERA DE TRABAJO ESTABAMOS DICTANDO EL TEMA CUANDO SENTIMOS UN TEMBLOR DURISIMO Y ESCUCHABAMOS EL RUIDO DE LAS VENTANAS FUE ALGO TAN ASOMBROSO, EN EL MOMENTO SENTI POR DENTRO MIEDO PERO DEBIA DEMOSTRARLE ALAS MAMITAS TRANQUILIDAD ,PACIENCIA,LES DECÍA  QUE COGIERAMOS LOS NIÑOS  CON MUCHO CUIDADO,SALIERAMOS DEL SALON DONDE NOS ENCONTRABAMOS PORQUE DONDE ESTABAMOS ERA UN PRIMER PISO Y EL RUIDO DE LASVENTANAS SE ESCUCHA DURISIMO ,ALGUNAS SALIERON,OTRAS SE LLENARON DE MIEDO Y SE QUEDABAN QUIETAS,NO SABIAN QUE HACER,OTRAS SALIAN SOLASY DEJABAN LOS NIÑOS,LA VERDAD QUE EN ESE MNOMENTO POR MAS QUE UNO QUIERA ACTUAR CON CALMA,SE LLENA UNO DE MIEDO Y SE BLOQUEA,ES UNA HISTORIA QUE ME MARCO MI VIDA,TAMBIEN EN EL MOMENTO,PENSABA EN MIS HIJOS ,ES UNA SITUACION QUE  POR MAS QUENOS HAYAN HECHO SIMULACROS,COMO DEBEMOS ACTUAR,PERO VIVIRLO ESCOMPLICADO.A PESAR TRATE DE MANTENER CALMA CON MI COMPAÑERA FRENTE A LAS MAMITAS Y LOS NIÑOS QUE ESTUVIERAMOS TODOSREUNIDOS  MIENTRAS PASABA EL TEMBLOR,LO LOGRAMOS Y DEMOSTRAMOS ALAS MAMITAS QUE EN ESTOS CASOS DEBEMOS TENER PACIENCIA Y NO DESESPERARNOS.",#COSASQUEDEBES MANTENERCALMA,Motivación,De vez en cuando,Aprendizaje y crecimiento.,0,0,1,0,0,0,0,0,0,Familias y otras personas significativas,,Fui muy honesto y conté lo que me pasó,"Habilidades artísticas: bailar, cantar, actuar/representar, dibujar/pintar, tocar instrumentos, modelar, jugar. Habilidades socioemocionales:  meditar, acompañar y guiar, sentido del humor, incentivar y motivar, compartir y ser solidario, auto-regulación.",1,0,1,0,0,0,Manejo de la Información y Comunicación.,0,0,0,0,0,1,0,0,Solucionar la situación poniendo en práctica mis conocimientos profesionales y personales.,,,105353757,0cbca0fb-8706-42f8-b2ed-e28ace00bced,2020-06-18T22:19:32,,35
2020-06-20T09:30:44.591-05:00,2020-06-20T10:09:25.434-05:00,2020-06-19,Sí,2020-06-20,Santander,,CDI SOÑAR Y SONREÍR SEDE C,"Cierto día, realizamos una obra infantil sobre la importancia del trabajo colaborativo y resultó muy grato el darme cuenta de que aunque sean pequeños, los niños/as reconocen el gran valor que tiene el brindar ayuda a quien lo necesita puesto que obtendremos mejores resultados. Aunque relativamente ellos están en la etapa del apego, ese día compartieron, jugaron y aprendieron que siempre es mejor trabajar en conjunto y unidos por un mismo objetivo.",#Entretodos,Motivación,Única vez,Crecimiento personal y logros.,0,0,0,0,0,0,0,1,0,Niños/niñas,,Reflexioné y aprendí algo nuevo,"Habilidades artísticas: bailar, cantar, actuar/representar, dibujar/pintar, tocar instrumentos, modelar, jugar. Habilidades comunicativas: contar historias, argumentar, conversar, exponer ideas, escribir textos, leer y comprender. Habilidades socioemocionales:  meditar, acompañar y guiar, sentido del humor, incentivar y motivar, compartir y ser solidario, auto-regulación.",1,1,1,0,0,0,Trabajo Colaborativo. Pensamiento Crítico. Resolución de problemas. Creatividad e Innovación.,1,0,1,1,0,0,1,0,Potenciar el desarrollo de los niños y las niñas.,,,105624655,f7541972-0034-4bdf-b801-c580b5ff1f9c,2020-06-20T15:09:31,,36
2020-06-20T15:30:53.627-05:00,2020-06-20T15:46:04.113-05:00,2020-06-19,Sí,2020-06-18,Santander,,Angélica Rocío Parra Peña,"Esta es la historia de Christian, un beneficario que llegó a llega al Hogar infantil proveniente de Venezuela, de una zona rural muy alejada, el no había tenido contacto recuente con niños de su edad, entonces en el momento que ingresa al hogar fue angustioso, el gritaba todo el día, salia corriendo hacia la puerta, no comia, pro cada día a su llegada lo recibia con una cosa diferente, con un accesorio, canción y lo llevaba primero a la oficina y lo abrazaba, dialogaba con él. Pero este proceso se quedó hay porque a los dos meses los papitos tuvieron que volver a si pais.",Todo se puede,Tristeza,Única vez,Los problemas como oportunidades.,0,0,0,1,0,0,0,0,0,Niños/niñas,,Reflexioné y aprendí algo nuevo,"Habilidades socioemocionales:  meditar, acompañar y guiar, sentido del humor, incentivar y motivar, compartir y ser solidario, auto-regulación.",0,0,1,0,0,0,Trabajo Colaborativo. Resolución de problemas. Vida y Carrera.,1,0,0,1,0,0,0,1,"Fortalecerme como agente educativo para alcanzar mis proyectos personales, familiares y profesionales.",,,105658852,2b53e68b-6616-47f8-99dd-77bd4ab7f376,2020-06-20T20:46:09,,37
2020-06-20T16:04:56.446-05:00,2020-06-20T16:14:49.877-05:00,2020-06-19,Sí,2020-06-20,Santander,,Fundación Colombo Alemana,"Una historia muy significativa para mí fue el el recibir en mí grupo a un niño hermoso llamado Alex quien se encontraba pasando por una difícil situación de salud, estaba recibiendo sus quimioterapias y para mí esto fue una experiencia muy linda poder brindarle todo mí afecto,atención, apoyo y amor. A esta personita tan linda que gracias a mí Dios venció está enfermedad y hoy día puedo decir que es un sobreviviente del cáncer y aún permanece en nuestro CDI y es un niño lleno de salud ,vida y muy feliz.",#Alex y su milagro de Dios,Motivación,De vez en cuando,Aprendizaje y crecimiento. Los problemas como oportunidades. Crecimiento personal y logros.,0,0,1,1,0,0,0,1,0,Niños/niñas,,Fui muy honesto y conté lo que me pasó,"Habilidades artísticas: bailar, cantar, actuar/representar, dibujar/pintar, tocar instrumentos, modelar, jugar. Habilidades manuales: tejer, sembrar, cocinar. Habilidades socio-ambientales: cuidado de sí mismo, de otros y de la naturaleza.",1,0,0,1,1,0,Trabajo Colaborativo. Resolución de problemas. Creatividad e Innovación. Vida y Carrera.,1,0,0,1,0,0,1,1,Potenciar el desarrollo de los niños y las niñas.,,,105660304,a5b2ab6e-14bd-4e47-a2b9-86fb9d8834c3,2020-06-20T21:14:52,,38
2020-06-20T21:00:39.148-05:00,2020-06-20T21:17:19.510-05:00,2020-06-19,Sí,2020-06-20,Santander,,CDI SOÑAR Y SONREIR,"Es importante resaltar la situación por la que atraviesan nuestros niños y niñas a causa del COVID 19.    Cambiaron las rutinas habituales para nuestros niños y sus familias  ,      los padres se convirtieron en tutores de los procesos de sus hijos brindandoles acompañamiento y orientación.    No todos lo hacen con el mismo compromiso que otros pues se ve reflejado en el desarrollo de las actividades pedagogicas.           Es triste observar como la negación de algnunas familias y la falta de compromiso impide el desarrollo integral de sus hijos.    Este tiempo se deberia ser aprovechado en las familias para la construción de vinculos afectivos y el fortalecimiento de los valores en familia.",ACOMPAÑAMIENTO DE LAS FAMILIAS DURANTE EL COVID 19,Tristeza,De vez en cuando,Los problemas como oportunidades. Crecimiento personal y logros.,0,0,0,1,0,0,0,1,0,Familias y otras personas significativas,,Fui muy honesto y conté lo que me pasó,"Habilidades comunicativas: contar historias, argumentar, conversar, exponer ideas, escribir textos, leer y comprender. Habilidades socioemocionales:  meditar, acompañar y guiar, sentido del humor, incentivar y motivar, compartir y ser solidario, auto-regulación.",0,1,1,0,0,0,Trabajo Colaborativo. Resolución de problemas. Creatividad e Innovación.,1,0,0,1,0,0,1,0,Acompañar a las familias para que apoyen el desarrollo de sus hijos.,,,105670953,4d760845-98e1-4693-8275-85c1a63ccfb8,2020-06-21T02:17:19,,39
2020-06-22T11:22:54.909-05:00,2020-06-22T11:46:48.158-05:00,2020-06-21,Sí,2020-06-22,Santander,,SOÑAR Y SONREIR,"Con respecto a mi trabajo hace que poco inicie, no he tenido la dicha de conocer a mis niños y niñas del CDI, lastimosamente debido a que el trabajo realizado ha sido vía telefónica con los padres de familia y la mayoría no tiene servicio de internet.",Añorando volver al CDI,Impotencia ,Única vez,La comunidad y las relaciones.,1,0,0,0,0,0,0,0,0,Niños/niñas,,Fui muy honesto y conté lo que me pasó,"Habilidades socioemocionales:  meditar, acompañar y guiar, sentido del humor, incentivar y motivar, compartir y ser solidario, auto-regulación.",0,0,1,0,0,0,Trabajo Colaborativo.,1,0,0,0,0,0,0,0,Acompañar a las familias para que apoyen el desarrollo de sus hijos.,,,105953325,2137572d-e92a-4cd1-9d5c-ee24709d47f1,2020-06-22T16:46:49,,40
2020-06-22T11:35:04.161-05:00,2020-06-22T12:06:33.735-05:00,2020-06-21,Sí,2020-06-22,Santander,,FUNDACIÓN COLOMBO ALEMANA VOLVER A SONREIR,"EN UNA VEREDA CERCANA AL PUEBLO VIVE UNA NIÑA MUY FELIZ JUNTO CON SU FAMILIA, QUIENES SIENTEN GRAN APRECIO POR EL APOYO OFRECIDO EN TAN DUROS MOMENTOS.  DURANTE SU EMBARAZO LA MADRE MUY CARIÑOSA REALIZA CON GRAN AMOR LA ESTIMULACIÓN  A SU NIÑA QUIEN ESPERA CON ANSIAS, LO REALIZA CON DIFERENTES ACTIVIDADES LAS CUALES DISFRUTAN LAS DOS, TAMBIEN SU PADRE SE ESMERA POR VIVIR ESA MAGNIFICA ETAPA DEL EMBARAZO. PERO DESAFORTUNADAMENTE UN DÍA A LA MADRE LA REMTEN DE URGENCIAS PONIENDO MUY TRISTE A LA PAREJA PPERO ALA VEZ FELIZ POR SU NACIMIENTO, TUVIERON QUE INTERNAR A LA NIÑA EN LA USI, DURANTE EL PROCESO SE LE ACOMPAÑA MORALMENTE BRINDANDOLE APOYO PARA SUPERAR SU DOLOR YA QUE A RAIZ DE ESTO LA MADRE SE ENFERMA Y CAE EN DEPRESIÓN POSPARTO. PERO COMO NO TODO ES TRISTEZA UN EN DÍA ESA NIÑA ES LA LUZ DE LA CASA Y EL MOTOR DE ELLOS Y VAN MUY BIEN DE ESO SOLO QUE EL RECUERDO YA QUE HASTA AHORA NO SE VE AFECTADA Y SU DESARROLLO ESTA MUY BIEN. LA FAMILIA SIENTE UN GRAN APRECIO POR EL APOYO RECIBIDO.",LA FAMILIA FELIZ,Motivación,De vez en cuando,La comunidad y las relaciones.,1,0,0,0,0,0,0,0,0,Niños/niñas,,Fui muy honesto y conté lo que me pasó,"Habilidades artísticas: bailar, cantar, actuar/representar, dibujar/pintar, tocar instrumentos, modelar, jugar.",1,0,0,0,0,0,Resolución de problemas.,0,0,0,1,0,0,0,0,Solucionar la situación poniendo en práctica mis conocimientos profesionales y personales.,,,105958389,5fcc9013-5db0-40c7-b095-231c5986b26e,2020-06-22T17:06:36,,41
2020-06-22T15:13:45.578-05:00,2020-06-22T15:30:06.065-05:00,2020-06-21,Sí,2020-06-22,Santander,,CDI SOÑAR Y SONREÍR,"Quiero compartir una historia de una familia humilde conformada por padre, madre y 5 hijos pequeños esta hermosa familia durante todo este tiempo han sido valientes ya que ninguno de los padres tiene trabajo y sin embargo siguen adelante teniendo una buenta actitud y sobre todo amor",#familiasvalientes,Motivación,Todo el tiempo,Los problemas como oportunidades.,0,0,0,1,0,0,0,0,0,Familias y otras personas significativas,,Fui muy honesto y conté lo que me pasó,"Habilidades socioemocionales:  meditar, acompañar y guiar, sentido del humor, incentivar y motivar, compartir y ser solidario, auto-regulación.",0,0,1,0,0,0,Trabajo Colaborativo.,1,0,0,0,0,0,0,0,Acompañar a las familias para que apoyen el desarrollo de sus hijos.,,,105992675,2dfb69d2-d319-47ee-816d-371aab7c4de9,2020-06-22T20:30:13,,42
2020-06-22T16:00:40.568-05:00,2020-06-22T16:08:19.105-05:00,2020-06-21,Sí,2020-06-22,Santander,,SOÑAR Y SONREIR,"Hace poco ingrese a la institución, mi trabajo hasta el momento ha sido por vía telefónica con los padres de familia, lastimosamente no conozco a los niños personalmente, me gustaría estar con ellos en el jardín para poder conocerlos y compartir y enseñarles cosas innovadoras.",Añorando estar en el CDI con los niños,Impotencia ,Única vez,La comunidad y las relaciones.,1,0,0,0,0,0,0,0,0,Niños/niñas,,Fui muy honesto y conté lo que me pasó,"Habilidades socioemocionales:  meditar, acompañar y guiar, sentido del humor, incentivar y motivar, compartir y ser solidario, auto-regulación.",0,0,1,0,0,0,Trabajo Colaborativo.,1,0,0,0,0,0,0,0,Dar cumplimiento a los criterios de calidad de la educación inicial en el marco de la atención integral.,,,105998377,7f4ad647-159b-493b-aa3a-579e235d1352,2020-06-22T21:08:21,,43
2020-06-22T16:33:59.456-05:00,2020-06-22T17:00:30.845-05:00,2020-06-21,Sí,2020-06-22,Santander,,Fundacion Colombo Alemana Volver a Sonreir,"Nosotros los AGENTES educativos estrañamos a nuestros niños y padres de familias. Quedemonos en casa es por nuestra sulud ,la de nuestros hijos y los demas . ya llegara el tiempo que nos bolvamos",Quedemonos en casa,Impotencia ,De vez en cuando,La comunidad y las relaciones.,1,0,0,0,0,0,0,0,0,Familias y otras personas significativas,,Fui muy honesto y conté lo que me pasó,"Habilidades socioemocionales:  meditar, acompañar y guiar, sentido del humor, incentivar y motivar, compartir y ser solidario, auto-regulación.",0,0,1,0,0,0,Sostenibilidad.,0,1,0,0,0,0,0,0,Acompañar a las familias para que apoyen el desarrollo de sus hijos.,,,106004475,30147323-ffd8-49aa-96cf-6f767317748e,2020-06-22T22:00:33,,44
2020-06-23T12:35:49.870-05:00,2020-06-23T12:48:56.391-05:00,2020-06-22,Sí,2020-06-23,Santander,,FUNDACION COLOMBO ALEMANA,"Para mi una experiencia significativa según mi labor y con la experiencia en el trabajo con primera infancia es poder ayudar a las diferentes familias usuarias desde mi profesion como psicologa, ayudando y orientando en las diversas dificultades familiares y ayudar a mitigar la violencia intrafamiliar .",#yoteayudotutedejasayudar,Motivación,Todo el tiempo,La comunidad y las relaciones.,1,0,0,0,0,0,0,0,0,Niños/niñas,,Fui muy honesto y conté lo que me pasó,"Habilidades comunicativas: contar historias, argumentar, conversar, exponer ideas, escribir textos, leer y comprender. Habilidades socioemocionales:  meditar, acompañar y guiar, sentido del humor, incentivar y motivar, compartir y ser solidario, auto-regulación. Habilidades socio-ambientales: cuidado de sí mismo, de otros y de la naturaleza.",0,1,1,0,1,0,Trabajo Colaborativo. Sostenibilidad. Pensamiento Crítico. Resolución de problemas. Manejo de herramientas tecnológicas. Manejo de la Información y Comunicación. Creatividad e Innovación. Vida y Carrera.,1,1,1,1,1,1,1,1,Solucionar la situación poniendo en práctica mis conocimientos profesionales y personales.,,,106188369,1c3d5113-776a-451f-96e6-8aab29415c0a,2020-06-23T17:48:59,,45
2020-06-23T13:55:54.743-05:00,2020-06-23T14:00:26.807-05:00,2020-06-22,Sí,2020-06-23,Santander,,Fundación Colombo Alemana,"En el desarrollo de mi cargo como Trabajadora Social he trabajado en el refuerzo de prevención de las violencias en el hogar durante la cuarentena. Precisamente tengo una experiencia donde se realiza abordaje para trabajar con una madre frente a la importancia de la autoestima y la dignidad, en aras a no permitir violencia psicologica. La mujer decidió poner fin a su relación conflictiva y actualmente continúa brindando las garantias necesarias para la estabilidad de su hijo brindando un entorno protector.",#en casa no te contagies de violencia,Motivación,De vez en cuando,La comunidad y las relaciones.,1,0,0,0,0,0,0,0,0,Familias y otras personas significativas,,Fui muy honesto y conté lo que me pasó,"Habilidades socioemocionales:  meditar, acompañar y guiar, sentido del humor, incentivar y motivar, compartir y ser solidario, auto-regulación.",0,0,1,0,0,0,Resolución de problemas.,0,0,0,1,0,0,0,0,Solucionar la situación poniendo en práctica mis conocimientos profesionales y personales.,,,106203248,94805e71-3a4b-4a52-8d02-850e33af8f68,2020-06-23T19:00:30,,46
2020-06-23T21:54:21.940-05:00,2020-06-23T22:31:56.885-05:00,2020-06-22,Sí,2020-06-18,Santander,,FUNDACIÓN COLOMBO ALEMANA VOLVER A SONREÍR,"El estar en contacto con la primera infancia ha sido una experiencia enriquecedora para fortalecer el rol como persona, como padre y como profesional. El compartir parte de la vida con ellos, implica adentrarnos en ese mundo y realidad que cada uno vive; y es allí en donde empiezo a comprender la complejidad de los comportamientos de la sociedad. Existen entornos que no ofrecen una expectativa favorable en la formación socioemocional para la gran mayoría de nuestros niños y niñas, toda vez que los adultos responsables no generan experiencias significativas que promuevan enseñanza en ello. Valga señalar, que esto no ocurre con todos ellos, pero si una mayoría que preocupa; y más que una situación negativa, es preocupante si miramos el futuro de lo que puede ser la sociedad.",#elfuturosociemocional,Impotencia ,Todo el tiempo,La comunidad y las relaciones.,1,0,0,0,0,0,0,0,0,Niños/niñas,,Fui muy honesto y conté lo que me pasó,"Habilidades comunicativas: contar historias, argumentar, conversar, exponer ideas, escribir textos, leer y comprender.",0,1,0,0,0,0,Trabajo Colaborativo. Pensamiento Crítico. Resolución de problemas. Manejo de herramientas tecnológicas. Manejo de la Información y Comunicación. Vida y Carrera.,1,0,1,1,1,1,0,1,Potenciar el desarrollo de los niños y las niñas.,,,106245736,8841e6dd-0096-4c51-81ec-6aeeb6635727,2020-06-24T03:31:57,,47
